repetition,scenario,security_boundary,ground_truth,outcome_baseline,outcome_drift,changed_configuration_fields,configuration_prediction,behaviour_prediction,hybrid_prediction
1,authentication_requirement_removal,authentication_access_control,SECURITY_RELEVANT,DENIED,ALLOWED,"[""authentication_required""]",SECURITY_RELEVANT,SECURITY_RELEVANT,SECURITY_RELEVANT
2,authentication_requirement_removal,authentication_access_control,SECURITY_RELEVANT,DENIED,ALLOWED,"[""authentication_required""]",SECURITY_RELEVANT,SECURITY_RELEVANT,SECURITY_RELEVANT
3,authentication_requirement_removal,authentication_access_control,SECURITY_RELEVANT,DENIED,ALLOWED,"[""authentication_required""]",SECURITY_RELEVANT,SECURITY_RELEVANT,SECURITY_RELEVANT
4,authentication_requirement_removal,authentication_access_control,SECURITY_RELEVANT,DENIED,ALLOWED,"[""authentication_required""]",SECURITY_RELEVANT,SECURITY_RELEVANT,SECURITY_RELEVANT
5,authentication_requirement_removal,authentication_access_control,SECURITY_RELEVANT,DENIED,ALLOWED,"[""authentication_required""]",SECURITY_RELEVANT,SECURITY_RELEVANT,SECURITY_RELEVANT
6,authentication_requirement_removal,authentication_access_control,SECURITY_RELEVANT,DENIED,ALLOWED,"[""authentication_required""]",SECURITY_RELEVANT,SECURITY_RELEVANT,SECURITY_RELEVANT
7,authentication_requirement_removal,authentication_access_control,SECURITY_RELEVANT,DENIED,ALLOWED,"[""authentication_required""]",SECURITY_RELEVANT,SECURITY_RELEVANT,SECURITY_RELEVANT
8,authentication_requirement_removal,authentication_access_control,SECURITY_RELEVANT,DENIED,ALLOWED,"[""authentication_required""]",SECURITY_RELEVANT,SECURITY_RELEVANT,SECURITY_RELEVANT
9,authentication_requirement_removal,authentication_access_control,SECURITY_RELEVANT,DENIED,ALLOWED,"[""authentication_required""]",SECURITY_RELEVANT,SECURITY_RELEVANT,SECURITY_RELEVANT
10,authentication_requirement_removal,authentication_access_control,SECURITY_RELEVANT,DENIED,ALLOWED,"[""authentication_required""]",SECURITY_RELEVANT,SECURITY_RELEVANT,SECURITY_RELEVANT
11,authentication_requirement_removal,authentication_access_control,SECURITY_RELEVANT,DENIED,ALLOWED,"[""authentication_required""]",SECURITY_RELEVANT,SECURITY_RELEVANT,SECURITY_RELEVANT
12,authentication_requirement_removal,authentication_access_control,SECURITY_RELEVANT,DENIED,ALLOWED,"[""authentication_required""]",SECURITY_RELEVANT,SECURITY_RELEVANT,SECURITY_RELEVANT
13,authentication_requirement_removal,authentication_access_control,SECURITY_RELEVANT,DENIED,ALLOWED,"[""authentication_required""]",SECURITY_RELEVANT,SECURITY_RELEVANT,SECURITY_RELEVANT
14,authentication_requirement_removal,authentication_access_control,SECURITY_RELEVANT,DENIED,ALLOWED,"[""authentication_required""]",SECURITY_RELEVANT,SECURITY_RELEVANT,SECURITY_RELEVANT
15,authentication_requirement_removal,authentication_access_control,SECURITY_RELEVANT,DENIED,ALLOWED,"[""authentication_required""]",SECURITY_RELEVANT,SECURITY_RELEVANT,SECURITY_RELEVANT
16,authentication_requirement_removal,authentication_access_control,SECURITY_RELEVANT,DENIED,ALLOWED,"[""authentication_required""]",SECURITY_RELEVANT,SECURITY_RELEVANT,SECURITY_RELEVANT
17,authentication_requirement_removal,authentication_access_control,SECURITY_RELEVANT,DENIED,ALLOWED,"[""authentication_required""]",SECURITY_RELEVANT,SECURITY_RELEVANT,SECURITY_RELEVANT
18,authentication_requirement_removal,authentication_access_control,SECURITY_RELEVANT,DENIED,ALLOWED,"[""authentication_required""]",SECURITY_RELEVANT,SECURITY_RELEVANT,SECURITY_RELEVANT
19,authentication_requirement_removal,authentication_access_control,SECURITY_RELEVANT,DENIED,ALLOWED,"[""authentication_required""]",SECURITY_RELEVANT,SECURITY_RELEVANT,SECURITY_RELEVANT
20,authentication_requirement_removal,authentication_access_control,SECURITY_RELEVANT,DENIED,ALLOWED,"[""authentication_required""]",SECURITY_RELEVANT,SECURITY_RELEVANT,SECURITY_RELEVANT
21,authentication_requirement_removal,authentication_access_control,SECURITY_RELEVANT,DENIED,ALLOWED,"[""authentication_required""]",SECURITY_RELEVANT,SECURITY_RELEVANT,SECURITY_RELEVANT
22,authentication_requirement_removal,authentication_access_control,SECURITY_RELEVANT,DENIED,ALLOWED,"[""authentication_required""]",SECURITY_RELEVANT,SECURITY_RELEVANT,SECURITY_RELEVANT
23,authentication_requirement_removal,authentication_access_control,SECURITY_RELEVANT,DENIED,ALLOWED,"[""authentication_required""]",SECURITY_RELEVANT,SECURITY_RELEVANT,SECURITY_RELEVANT
24,authentication_requirement_removal,authentication_access_control,SECURITY_RELEVANT,DENIED,ALLOWED,"[""authentication_required""]",SECURITY_RELEVANT,SECURITY_RELEVANT,SECURITY_RELEVANT
25,authentication_requirement_removal,authentication_access_control,SECURITY_RELEVANT,DENIED,ALLOWED,"[""authentication_required""]",SECURITY_RELEVANT,SECURITY_RELEVANT,SECURITY_RELEVANT
26,authentication_requirement_removal,authentication_access_control,SECURITY_RELEVANT,DENIED,ALLOWED,"[""authentication_required""]",SECURITY_RELEVANT,SECURITY_RELEVANT,SECURITY_RELEVANT
27,authentication_requirement_removal,authentication_access_control,SECURITY_RELEVANT,DENIED,ALLOWED,"[""authentication_required""]",SECURITY_RELEVANT,SECURITY_RELEVANT,SECURITY_RELEVANT
28,authentication_requirement_removal,authentication_access_control,SECURITY_RELEVANT,DENIED,ALLOWED,"[""authentication_required""]",SECURITY_RELEVANT,SECURITY_RELEVANT,SECURITY_RELEVANT
29,authentication_requirement_removal,authentication_access_control,SECURITY_RELEVANT,DENIED,ALLOWED,"[""authentication_required""]",SECURITY_RELEVANT,SECURITY_RELEVANT,SECURITY_RELEVANT
30,authentication_requirement_removal,authentication_access_control,SECURITY_RELEVANT,DENIED,ALLOWED,"[""authentication_required""]",SECURITY_RELEVANT,SECURITY_RELEVANT,SECURITY_RELEVANT
31,authentication_requirement_removal,authentication_access_control,SECURITY_RELEVANT,DENIED,ALLOWED,"[""authentication_required""]",SECURITY_RELEVANT,SECURITY_RELEVANT,SECURITY_RELEVANT
32,authentication_requirement_removal,authentication_access_control,SECURITY_RELEVANT,DENIED,ALLOWED,"[""authentication_required""]",SECURITY_RELEVANT,SECURITY_RELEVANT,SECURITY_RELEVANT
33,authentication_requirement_removal,authentication_access_control,SECURITY_RELEVANT,DENIED,ALLOWED,"[""authentication_required""]",SECURITY_RELEVANT,SECURITY_RELEVANT,SECURITY_RELEVANT
34,authentication_requirement_removal,authentication_access_control,SECURITY_RELEVANT,DENIED,ALLOWED,"[""authentication_required""]",SECURITY_RELEVANT,SECURITY_RELEVANT,SECURITY_RELEVANT
35,authentication_requirement_removal,authentication_access_control,SECURITY_RELEVANT,DENIED,ALLOWED,"[""authentication_required""]",SECURITY_RELEVANT,SECURITY_RELEVANT,SECURITY_RELEVANT
36,authentication_requirement_removal,authentication_access_control,SECURITY_RELEVANT,DENIED,ALLOWED,"[""authentication_required""]",SECURITY_RELEVANT,SECURITY_RELEVANT,SECURITY_RELEVANT
37,authentication_requirement_removal,authentication_access_control,SECURITY_RELEVANT,DENIED,ALLOWED,"[""authentication_required""]",SECURITY_RELEVANT,SECURITY_RELEVANT,SECURITY_RELEVANT
38,authentication_requirement_removal,authentication_access_control,SECURITY_RELEVANT,DENIED,ALLOWED,"[""authentication_required""]",SECURITY_RELEVANT,SECURITY_RELEVANT,SECURITY_RELEVANT
39,authentication_requirement_removal,authentication_access_control,SECURITY_RELEVANT,DENIED,ALLOWED,"[""authentication_required""]",SECURITY_RELEVANT,SECURITY_RELEVANT,SECURITY_RELEVANT
40,authentication_requirement_removal,authentication_access_control,SECURITY_RELEVANT,DENIED,ALLOWED,"[""authentication_required""]",SECURITY_RELEVANT,SECURITY_RELEVANT,SECURITY_RELEVANT
41,authentication_requirement_removal,authentication_access_control,SECURITY_RELEVANT,DENIED,ALLOWED,"[""authentication_required""]",SECURITY_RELEVANT,SECURITY_RELEVANT,SECURITY_RELEVANT
42,authentication_requirement_removal,authentication_access_control,SECURITY_RELEVANT,DENIED,ALLOWED,"[""authentication_required""]",SECURITY_RELEVANT,SECURITY_RELEVANT,SECURITY_RELEVANT
43,authentication_requirement_removal,authentication_access_control,SECURITY_RELEVANT,DENIED,ALLOWED,"[""authentication_required""]",SECURITY_RELEVANT,SECURITY_RELEVANT,SECURITY_RELEVANT
44,authentication_requirement_removal,authentication_access_control,SECURITY_RELEVANT,DENIED,ALLOWED,"[""authentication_required""]",SECURITY_RELEVANT,SECURITY_RELEVANT,SECURITY_RELEVANT
45,authentication_requirement_removal,authentication_access_control,SECURITY_RELEVANT,DENIED,ALLOWED,"[""authentication_required""]",SECURITY_RELEVANT,SECURITY_RELEVANT,SECURITY_RELEVANT
46,authentication_requirement_removal,authentication_access_control,SECURITY_RELEVANT,DENIED,ALLOWED,"[""authentication_required""]",SECURITY_RELEVANT,SECURITY_RELEVANT,SECURITY_RELEVANT
47,authentication_requirement_removal,authentication_access_control,SECURITY_RELEVANT,DENIED,ALLOWED,"[""authentication_required""]",SECURITY_RELEVANT,SECURITY_RELEVANT,SECURITY_RELEVANT
48,authentication_requirement_removal,authentication_access_control,SECURITY_RELEVANT,DENIED,ALLOWED,"[""authentication_required""]",SECURITY_RELEVANT,SECURITY_RELEVANT,SECURITY_RELEVANT
49,authentication_requirement_removal,authentication_access_control,SECURITY_RELEVANT,DENIED,ALLOWED,"[""authentication_required""]",SECURITY_RELEVANT,SECURITY_RELEVANT,SECURITY_RELEVANT
50,authentication_requirement_removal,authentication_access_control,SECURITY_RELEVANT,DENIED,ALLOWED,"[""authentication_required""]",SECURITY_RELEVANT,SECURITY_RELEVANT,SECURITY_RELEVANT
1,database_privilege_expansion,database,SECURITY_RELEVANT,DENIED,ALLOWED,"[""write_allowed""]",SECURITY_RELEVANT,SECURITY_RELEVANT,SECURITY_RELEVANT
2,database_privilege_expansion,database,SECURITY_RELEVANT,DENIED,ALLOWED,"[""write_allowed""]",SECURITY_RELEVANT,SECURITY_RELEVANT,SECURITY_RELEVANT
3,database_privilege_expansion,database,SECURITY_RELEVANT,DENIED,ALLOWED,"[""write_allowed""]",SECURITY_RELEVANT,SECURITY_RELEVANT,SECURITY_RELEVANT
4,database_privilege_expansion,database,SECURITY_RELEVANT,DENIED,ALLOWED,"[""write_allowed""]",SECURITY_RELEVANT,SECURITY_RELEVANT,SECURITY_RELEVANT
5,database_privilege_expansion,database,SECURITY_RELEVANT,DENIED,ALLOWED,"[""write_allowed""]",SECURITY_RELEVANT,SECURITY_RELEVANT,SECURITY_RELEVANT
6,database_privilege_expansion,database,SECURITY_RELEVANT,DENIED,ALLOWED,"[""write_allowed""]",SECURITY_RELEVANT,SECURITY_RELEVANT,SECURITY_RELEVANT
7,database_privilege_expansion,database,SECURITY_RELEVANT,DENIED,ALLOWED,"[""write_allowed""]",SECURITY_RELEVANT,SECURITY_RELEVANT,SECURITY_RELEVANT
8,database_privilege_expansion,database,SECURITY_RELEVANT,DENIED,ALLOWED,"[""write_allowed""]",SECURITY_RELEVANT,SECURITY_RELEVANT,SECURITY_RELEVANT
9,database_privilege_expansion,database,SECURITY_RELEVANT,DENIED,ALLOWED,"[""write_allowed""]",SECURITY_RELEVANT,SECURITY_RELEVANT,SECURITY_RELEVANT
10,database_privilege_expansion,database,SECURITY_RELEVANT,DENIED,ALLOWED,"[""write_allowed""]",SECURITY_RELEVANT,SECURITY_RELEVANT,SECURITY_RELEVANT
11,database_privilege_expansion,database,SECURITY_RELEVANT,DENIED,ALLOWED,"[""write_allowed""]",SECURITY_RELEVANT,SECURITY_RELEVANT,SECURITY_RELEVANT
12,database_privilege_expansion,database,SECURITY_RELEVANT,DENIED,ALLOWED,"[""write_allowed""]",SECURITY_RELEVANT,SECURITY_RELEVANT,SECURITY_RELEVANT
13,database_privilege_expansion,database,SECURITY_RELEVANT,DENIED,ALLOWED,"[""write_allowed""]",SECURITY_RELEVANT,SECURITY_RELEVANT,SECURITY_RELEVANT
14,database_privilege_expansion,database,SECURITY_RELEVANT,DENIED,ALLOWED,"[""write_allowed""]",SECURITY_RELEVANT,SECURITY_RELEVANT,SECURITY_RELEVANT
15,database_privilege_expansion,database,SECURITY_RELEVANT,DENIED,ALLOWED,"[""write_allowed""]",SECURITY_RELEVANT,SECURITY_RELEVANT,SECURITY_RELEVANT
16,database_privilege_expansion,database,SECURITY_RELEVANT,DENIED,ALLOWED,"[""write_allowed""]",SECURITY_RELEVANT,SECURITY_RELEVANT,SECURITY_RELEVANT
17,database_privilege_expansion,database,SECURITY_RELEVANT,DENIED,ALLOWED,"[""write_allowed""]",SECURITY_RELEVANT,SECURITY_RELEVANT,SECURITY_RELEVANT
18,database_privilege_expansion,database,SECURITY_RELEVANT,DENIED,ALLOWED,"[""write_allowed""]",SECURITY_RELEVANT,SECURITY_RELEVANT,SECURITY_RELEVANT
19,database_privilege_expansion,database,SECURITY_RELEVANT,DENIED,ALLOWED,"[""write_allowed""]",SECURITY_RELEVANT,SECURITY_RELEVANT,SECURITY_RELEVANT
20,database_privilege_expansion,database,SECURITY_RELEVANT,DENIED,ALLOWED,"[""write_allowed""]",SECURITY_RELEVANT,SECURITY_RELEVANT,SECURITY_RELEVANT
21,database_privilege_expansion,database,SECURITY_RELEVANT,DENIED,ALLOWED,"[""write_allowed""]",SECURITY_RELEVANT,SECURITY_RELEVANT,SECURITY_RELEVANT
22,database_privilege_expansion,database,SECURITY_RELEVANT,DENIED,ALLOWED,"[""write_allowed""]",SECURITY_RELEVANT,SECURITY_RELEVANT,SECURITY_RELEVANT
23,database_privilege_expansion,database,SECURITY_RELEVANT,DENIED,ALLOWED,"[""write_allowed""]",SECURITY_RELEVANT,SECURITY_RELEVANT,SECURITY_RELEVANT
24,database_privilege_expansion,database,SECURITY_RELEVANT,DENIED,ALLOWED,"[""write_allowed""]",SECURITY_RELEVANT,SECURITY_RELEVANT,SECURITY_RELEVANT
25,database_privilege_expansion,database,SECURITY_RELEVANT,DENIED,ALLOWED,"[""write_allowed""]",SECURITY_RELEVANT,SECURITY_RELEVANT,SECURITY_RELEVANT
26,database_privilege_expansion,database,SECURITY_RELEVANT,DENIED,ALLOWED,"[""write_allowed""]",SECURITY_RELEVANT,SECURITY_RELEVANT,SECURITY_RELEVANT
27,database_privilege_expansion,database,SECURITY_RELEVANT,DENIED,ALLOWED,"[""write_allowed""]",SECURITY_RELEVANT,SECURITY_RELEVANT,SECURITY_RELEVANT
28,database_privilege_expansion,database,SECURITY_RELEVANT,DENIED,ALLOWED,"[""write_allowed""]",SECURITY_RELEVANT,SECURITY_RELEVANT,SECURITY_RELEVANT
29,database_privilege_expansion,database,SECURITY_RELEVANT,DENIED,ALLOWED,"[""write_allowed""]",SECURITY_RELEVANT,SECURITY_RELEVANT,SECURITY_RELEVANT
30,database_privilege_expansion,database,SECURITY_RELEVANT,DENIED,ALLOWED,"[""write_allowed""]",SECURITY_RELEVANT,SECURITY_RELEVANT,SECURITY_RELEVANT
31,database_privilege_expansion,database,SECURITY_RELEVANT,DENIED,ALLOWED,"[""write_allowed""]",SECURITY_RELEVANT,SECURITY_RELEVANT,SECURITY_RELEVANT
32,database_privilege_expansion,database,SECURITY_RELEVANT,DENIED,ALLOWED,"[""write_allowed""]",SECURITY_RELEVANT,SECURITY_RELEVANT,SECURITY_RELEVANT
33,database_privilege_expansion,database,SECURITY_RELEVANT,DENIED,ALLOWED,"[""write_allowed""]",SECURITY_RELEVANT,SECURITY_RELEVANT,SECURITY_RELEVANT
34,database_privilege_expansion,database,SECURITY_RELEVANT,DENIED,ALLOWED,"[""write_allowed""]",SECURITY_RELEVANT,SECURITY_RELEVANT,SECURITY_RELEVANT
35,database_privilege_expansion,database,SECURITY_RELEVANT,DENIED,ALLOWED,"[""write_allowed""]",SECURITY_RELEVANT,SECURITY_RELEVANT,SECURITY_RELEVANT
36,database_privilege_expansion,database,SECURITY_RELEVANT,DENIED,ALLOWED,"[""write_allowed""]",SECURITY_RELEVANT,SECURITY_RELEVANT,SECURITY_RELEVANT
37,database_privilege_expansion,database,SECURITY_RELEVANT,DENIED,ALLOWED,"[""write_allowed""]",SECURITY_RELEVANT,SECURITY_RELEVANT,SECURITY_RELEVANT
38,database_privilege_expansion,database,SECURITY_RELEVANT,DENIED,ALLOWED,"[""write_allowed""]",SECURITY_RELEVANT,SECURITY_RELEVANT,SECURITY_RELEVANT
39,database_privilege_expansion,database,SECURITY_RELEVANT,DENIED,ALLOWED,"[""write_allowed""]",SECURITY_RELEVANT,SECURITY_RELEVANT,SECURITY_RELEVANT
40,database_privilege_expansion,database,SECURITY_RELEVANT,DENIED,ALLOWED,"[""write_allowed""]",SECURITY_RELEVANT,SECURITY_RELEVANT,SECURITY_RELEVANT
41,database_privilege_expansion,database,SECURITY_RELEVANT,DENIED,ALLOWED,"[""write_allowed""]",SECURITY_RELEVANT,SECURITY_RELEVANT,SECURITY_RELEVANT
42,database_privilege_expansion,database,SECURITY_RELEVANT,DENIED,ALLOWED,"[""write_allowed""]",SECURITY_RELEVANT,SECURITY_RELEVANT,SECURITY_RELEVANT
43,database_privilege_expansion,database,SECURITY_RELEVANT,DENIED,ALLOWED,"[""write_allowed""]",SECURITY_RELEVANT,SECURITY_RELEVANT,SECURITY_RELEVANT
44,database_privilege_expansion,database,SECURITY_RELEVANT,DENIED,ALLOWED,"[""write_allowed""]",SECURITY_RELEVANT,SECURITY_RELEVANT,SECURITY_RELEVANT
45,database_privilege_expansion,database,SECURITY_RELEVANT,DENIED,ALLOWED,"[""write_allowed""]",SECURITY_RELEVANT,SECURITY_RELEVANT,SECURITY_RELEVANT
46,database_privilege_expansion,database,SECURITY_RELEVANT,DENIED,ALLOWED,"[""write_allowed""]",SECURITY_RELEVANT,SECURITY_RELEVANT,SECURITY_RELEVANT
47,database_privilege_expansion,database,SECURITY_RELEVANT,DENIED,ALLOWED,"[""write_allowed""]",SECURITY_RELEVANT,SECURITY_RELEVANT,SECURITY_RELEVANT
48,database_privilege_expansion,database,SECURITY_RELEVANT,DENIED,ALLOWED,"[""write_allowed""]",SECURITY_RELEVANT,SECURITY_RELEVANT,SECURITY_RELEVANT
49,database_privilege_expansion,database,SECURITY_RELEVANT,DENIED,ALLOWED,"[""write_allowed""]",SECURITY_RELEVANT,SECURITY_RELEVANT,SECURITY_RELEVANT
50,database_privilege_expansion,database,SECURITY_RELEVANT,DENIED,ALLOWED,"[""write_allowed""]",SECURITY_RELEVANT,SECURITY_RELEVANT,SECURITY_RELEVANT
1,database_scope_expansion,database,SECURITY_RELEVANT,DENIED,ALLOWED,"[""allowed_databases""]",SECURITY_RELEVANT,SECURITY_RELEVANT,SECURITY_RELEVANT
2,database_scope_expansion,database,SECURITY_RELEVANT,DENIED,ALLOWED,"[""allowed_databases""]",SECURITY_RELEVANT,SECURITY_RELEVANT,SECURITY_RELEVANT
3,database_scope_expansion,database,SECURITY_RELEVANT,DENIED,ALLOWED,"[""allowed_databases""]",SECURITY_RELEVANT,SECURITY_RELEVANT,SECURITY_RELEVANT
4,database_scope_expansion,database,SECURITY_RELEVANT,DENIED,ALLOWED,"[""allowed_databases""]",SECURITY_RELEVANT,SECURITY_RELEVANT,SECURITY_RELEVANT
5,database_scope_expansion,database,SECURITY_RELEVANT,DENIED,ALLOWED,"[""allowed_databases""]",SECURITY_RELEVANT,SECURITY_RELEVANT,SECURITY_RELEVANT
6,database_scope_expansion,database,SECURITY_RELEVANT,DENIED,ALLOWED,"[""allowed_databases""]",SECURITY_RELEVANT,SECURITY_RELEVANT,SECURITY_RELEVANT
7,database_scope_expansion,database,SECURITY_RELEVANT,DENIED,ALLOWED,"[""allowed_databases""]",SECURITY_RELEVANT,SECURITY_RELEVANT,SECURITY_RELEVANT
8,database_scope_expansion,database,SECURITY_RELEVANT,DENIED,ALLOWED,"[""allowed_databases""]",SECURITY_RELEVANT,SECURITY_RELEVANT,SECURITY_RELEVANT
9,database_scope_expansion,database,SECURITY_RELEVANT,DENIED,ALLOWED,"[""allowed_databases""]",SECURITY_RELEVANT,SECURITY_RELEVANT,SECURITY_RELEVANT
10,database_scope_expansion,database,SECURITY_RELEVANT,DENIED,ALLOWED,"[""allowed_databases""]",SECURITY_RELEVANT,SECURITY_RELEVANT,SECURITY_RELEVANT
11,database_scope_expansion,database,SECURITY_RELEVANT,DENIED,ALLOWED,"[""allowed_databases""]",SECURITY_RELEVANT,SECURITY_RELEVANT,SECURITY_RELEVANT
12,database_scope_expansion,database,SECURITY_RELEVANT,DENIED,ALLOWED,"[""allowed_databases""]",SECURITY_RELEVANT,SECURITY_RELEVANT,SECURITY_RELEVANT
13,database_scope_expansion,database,SECURITY_RELEVANT,DENIED,ALLOWED,"[""allowed_databases""]",SECURITY_RELEVANT,SECURITY_RELEVANT,SECURITY_RELEVANT
14,database_scope_expansion,database,SECURITY_RELEVANT,DENIED,ALLOWED,"[""allowed_databases""]",SECURITY_RELEVANT,SECURITY_RELEVANT,SECURITY_RELEVANT
15,database_scope_expansion,database,SECURITY_RELEVANT,DENIED,ALLOWED,"[""allowed_databases""]",SECURITY_RELEVANT,SECURITY_RELEVANT,SECURITY_RELEVANT
16,database_scope_expansion,database,SECURITY_RELEVANT,DENIED,ALLOWED,"[""allowed_databases""]",SECURITY_RELEVANT,SECURITY_RELEVANT,SECURITY_RELEVANT
17,database_scope_expansion,database,SECURITY_RELEVANT,DENIED,ALLOWED,"[""allowed_databases""]",SECURITY_RELEVANT,SECURITY_RELEVANT,SECURITY_RELEVANT
18,database_scope_expansion,database,SECURITY_RELEVANT,DENIED,ALLOWED,"[""allowed_databases""]",SECURITY_RELEVANT,SECURITY_RELEVANT,SECURITY_RELEVANT
19,database_scope_expansion,database,SECURITY_RELEVANT,DENIED,ALLOWED,"[""allowed_databases""]",SECURITY_RELEVANT,SECURITY_RELEVANT,SECURITY_RELEVANT
20,database_scope_expansion,database,SECURITY_RELEVANT,DENIED,ALLOWED,"[""allowed_databases""]",SECURITY_RELEVANT,SECURITY_RELEVANT,SECURITY_RELEVANT
21,database_scope_expansion,database,SECURITY_RELEVANT,DENIED,ALLOWED,"[""allowed_databases""]",SECURITY_RELEVANT,SECURITY_RELEVANT,SECURITY_RELEVANT
22,database_scope_expansion,database,SECURITY_RELEVANT,DENIED,ALLOWED,"[""allowed_databases""]",SECURITY_RELEVANT,SECURITY_RELEVANT,SECURITY_RELEVANT
23,database_scope_expansion,database,SECURITY_RELEVANT,DENIED,ALLOWED,"[""allowed_databases""]",SECURITY_RELEVANT,SECURITY_RELEVANT,SECURITY_RELEVANT
24,database_scope_expansion,database,SECURITY_RELEVANT,DENIED,ALLOWED,"[""allowed_databases""]",SECURITY_RELEVANT,SECURITY_RELEVANT,SECURITY_RELEVANT
25,database_scope_expansion,database,SECURITY_RELEVANT,DENIED,ALLOWED,"[""allowed_databases""]",SECURITY_RELEVANT,SECURITY_RELEVANT,SECURITY_RELEVANT
26,database_scope_expansion,database,SECURITY_RELEVANT,DENIED,ALLOWED,"[""allowed_databases""]",SECURITY_RELEVANT,SECURITY_RELEVANT,SECURITY_RELEVANT
27,database_scope_expansion,database,SECURITY_RELEVANT,DENIED,ALLOWED,"[""allowed_databases""]",SECURITY_RELEVANT,SECURITY_RELEVANT,SECURITY_RELEVANT
28,database_scope_expansion,database,SECURITY_RELEVANT,DENIED,ALLOWED,"[""allowed_databases""]",SECURITY_RELEVANT,SECURITY_RELEVANT,SECURITY_RELEVANT
29,database_scope_expansion,database,SECURITY_RELEVANT,DENIED,ALLOWED,"[""allowed_databases""]",SECURITY_RELEVANT,SECURITY_RELEVANT,SECURITY_RELEVANT
30,database_scope_expansion,database,SECURITY_RELEVANT,DENIED,ALLOWED,"[""allowed_databases""]",SECURITY_RELEVANT,SECURITY_RELEVANT,SECURITY_RELEVANT
31,database_scope_expansion,database,SECURITY_RELEVANT,DENIED,ALLOWED,"[""allowed_databases""]",SECURITY_RELEVANT,SECURITY_RELEVANT,SECURITY_RELEVANT
32,database_scope_expansion,database,SECURITY_RELEVANT,DENIED,ALLOWED,"[""allowed_databases""]",SECURITY_RELEVANT,SECURITY_RELEVANT,SECURITY_RELEVANT
33,database_scope_expansion,database,SECURITY_RELEVANT,DENIED,ALLOWED,"[""allowed_databases""]",SECURITY_RELEVANT,SECURITY_RELEVANT,SECURITY_RELEVANT
34,database_scope_expansion,database,SECURITY_RELEVANT,DENIED,ALLOWED,"[""allowed_databases""]",SECURITY_RELEVANT,SECURITY_RELEVANT,SECURITY_RELEVANT
35,database_scope_expansion,database,SECURITY_RELEVANT,DENIED,ALLOWED,"[""allowed_databases""]",SECURITY_RELEVANT,SECURITY_RELEVANT,SECURITY_RELEVANT
36,database_scope_expansion,database,SECURITY_RELEVANT,DENIED,ALLOWED,"[""allowed_databases""]",SECURITY_RELEVANT,SECURITY_RELEVANT,SECURITY_RELEVANT
37,database_scope_expansion,database,SECURITY_RELEVANT,DENIED,ALLOWED,"[""allowed_databases""]",SECURITY_RELEVANT,SECURITY_RELEVANT,SECURITY_RELEVANT
38,database_scope_expansion,database,SECURITY_RELEVANT,DENIED,ALLOWED,"[""allowed_databases""]",SECURITY_RELEVANT,SECURITY_RELEVANT,SECURITY_RELEVANT
39,database_scope_expansion,database,SECURITY_RELEVANT,DENIED,ALLOWED,"[""allowed_databases""]",SECURITY_RELEVANT,SECURITY_RELEVANT,SECURITY_RELEVANT
40,database_scope_expansion,database,SECURITY_RELEVANT,DENIED,ALLOWED,"[""allowed_databases""]",SECURITY_RELEVANT,SECURITY_RELEVANT,SECURITY_RELEVANT
41,database_scope_expansion,database,SECURITY_RELEVANT,DENIED,ALLOWED,"[""allowed_databases""]",SECURITY_RELEVANT,SECURITY_RELEVANT,SECURITY_RELEVANT
42,database_scope_expansion,database,SECURITY_RELEVANT,DENIED,ALLOWED,"[""allowed_databases""]",SECURITY_RELEVANT,SECURITY_RELEVANT,SECURITY_RELEVANT
43,database_scope_expansion,database,SECURITY_RELEVANT,DENIED,ALLOWED,"[""allowed_databases""]",SECURITY_RELEVANT,SECURITY_RELEVANT,SECURITY_RELEVANT
44,database_scope_expansion,database,SECURITY_RELEVANT,DENIED,ALLOWED,"[""allowed_databases""]",SECURITY_RELEVANT,SECURITY_RELEVANT,SECURITY_RELEVANT
45,database_scope_expansion,database,SECURITY_RELEVANT,DENIED,ALLOWED,"[""allowed_databases""]",SECURITY_RELEVANT,SECURITY_RELEVANT,SECURITY_RELEVANT
46,database_scope_expansion,database,SECURITY_RELEVANT,DENIED,ALLOWED,"[""allowed_databases""]",SECURITY_RELEVANT,SECURITY_RELEVANT,SECURITY_RELEVANT
47,database_scope_expansion,database,SECURITY_RELEVANT,DENIED,ALLOWED,"[""allowed_databases""]",SECURITY_RELEVANT,SECURITY_RELEVANT,SECURITY_RELEVANT
48,database_scope_expansion,database,SECURITY_RELEVANT,DENIED,ALLOWED,"[""allowed_databases""]",SECURITY_RELEVANT,SECURITY_RELEVANT,SECURITY_RELEVANT
49,database_scope_expansion,database,SECURITY_RELEVANT,DENIED,ALLOWED,"[""allowed_databases""]",SECURITY_RELEVANT,SECURITY_RELEVANT,SECURITY_RELEVANT
50,database_scope_expansion,database,SECURITY_RELEVANT,DENIED,ALLOWED,"[""allowed_databases""]",SECURITY_RELEVANT,SECURITY_RELEVANT,SECURITY_RELEVANT
1,filesystem_scope_expansion,filesystem,SECURITY_RELEVANT,DENIED,ALLOWED,"[""allowed_roots""]",SECURITY_RELEVANT,SECURITY_RELEVANT,SECURITY_RELEVANT
2,filesystem_scope_expansion,filesystem,SECURITY_RELEVANT,DENIED,ALLOWED,"[""allowed_roots""]",SECURITY_RELEVANT,SECURITY_RELEVANT,SECURITY_RELEVANT
3,filesystem_scope_expansion,filesystem,SECURITY_RELEVANT,DENIED,ALLOWED,"[""allowed_roots""]",SECURITY_RELEVANT,SECURITY_RELEVANT,SECURITY_RELEVANT
4,filesystem_scope_expansion,filesystem,SECURITY_RELEVANT,DENIED,ALLOWED,"[""allowed_roots""]",SECURITY_RELEVANT,SECURITY_RELEVANT,SECURITY_RELEVANT
5,filesystem_scope_expansion,filesystem,SECURITY_RELEVANT,DENIED,ALLOWED,"[""allowed_roots""]",SECURITY_RELEVANT,SECURITY_RELEVANT,SECURITY_RELEVANT
6,filesystem_scope_expansion,filesystem,SECURITY_RELEVANT,DENIED,ALLOWED,"[""allowed_roots""]",SECURITY_RELEVANT,SECURITY_RELEVANT,SECURITY_RELEVANT
7,filesystem_scope_expansion,filesystem,SECURITY_RELEVANT,DENIED,ALLOWED,"[""allowed_roots""]",SECURITY_RELEVANT,SECURITY_RELEVANT,SECURITY_RELEVANT
8,filesystem_scope_expansion,filesystem,SECURITY_RELEVANT,DENIED,ALLOWED,"[""allowed_roots""]",SECURITY_RELEVANT,SECURITY_RELEVANT,SECURITY_RELEVANT
9,filesystem_scope_expansion,filesystem,SECURITY_RELEVANT,DENIED,ALLOWED,"[""allowed_roots""]",SECURITY_RELEVANT,SECURITY_RELEVANT,SECURITY_RELEVANT
10,filesystem_scope_expansion,filesystem,SECURITY_RELEVANT,DENIED,ALLOWED,"[""allowed_roots""]",SECURITY_RELEVANT,SECURITY_RELEVANT,SECURITY_RELEVANT
11,filesystem_scope_expansion,filesystem,SECURITY_RELEVANT,DENIED,ALLOWED,"[""allowed_roots""]",SECURITY_RELEVANT,SECURITY_RELEVANT,SECURITY_RELEVANT
12,filesystem_scope_expansion,filesystem,SECURITY_RELEVANT,DENIED,ALLOWED,"[""allowed_roots""]",SECURITY_RELEVANT,SECURITY_RELEVANT,SECURITY_RELEVANT
13,filesystem_scope_expansion,filesystem,SECURITY_RELEVANT,DENIED,ALLOWED,"[""allowed_roots""]",SECURITY_RELEVANT,SECURITY_RELEVANT,SECURITY_RELEVANT
14,filesystem_scope_expansion,filesystem,SECURITY_RELEVANT,DENIED,ALLOWED,"[""allowed_roots""]",SECURITY_RELEVANT,SECURITY_RELEVANT,SECURITY_RELEVANT
15,filesystem_scope_expansion,filesystem,SECURITY_RELEVANT,DENIED,ALLOWED,"[""allowed_roots""]",SECURITY_RELEVANT,SECURITY_RELEVANT,SECURITY_RELEVANT
16,filesystem_scope_expansion,filesystem,SECURITY_RELEVANT,DENIED,ALLOWED,"[""allowed_roots""]",SECURITY_RELEVANT,SECURITY_RELEVANT,SECURITY_RELEVANT
17,filesystem_scope_expansion,filesystem,SECURITY_RELEVANT,DENIED,ALLOWED,"[""allowed_roots""]",SECURITY_RELEVANT,SECURITY_RELEVANT,SECURITY_RELEVANT
18,filesystem_scope_expansion,filesystem,SECURITY_RELEVANT,DENIED,ALLOWED,"[""allowed_roots""]",SECURITY_RELEVANT,SECURITY_RELEVANT,SECURITY_RELEVANT
19,filesystem_scope_expansion,filesystem,SECURITY_RELEVANT,DENIED,ALLOWED,"[""allowed_roots""]",SECURITY_RELEVANT,SECURITY_RELEVANT,SECURITY_RELEVANT
20,filesystem_scope_expansion,filesystem,SECURITY_RELEVANT,DENIED,ALLOWED,"[""allowed_roots""]",SECURITY_RELEVANT,SECURITY_RELEVANT,SECURITY_RELEVANT
21,filesystem_scope_expansion,filesystem,SECURITY_RELEVANT,DENIED,ALLOWED,"[""allowed_roots""]",SECURITY_RELEVANT,SECURITY_RELEVANT,SECURITY_RELEVANT
22,filesystem_scope_expansion,filesystem,SECURITY_RELEVANT,DENIED,ALLOWED,"[""allowed_roots""]",SECURITY_RELEVANT,SECURITY_RELEVANT,SECURITY_RELEVANT
23,filesystem_scope_expansion,filesystem,SECURITY_RELEVANT,DENIED,ALLOWED,"[""allowed_roots""]",SECURITY_RELEVANT,SECURITY_RELEVANT,SECURITY_RELEVANT
24,filesystem_scope_expansion,filesystem,SECURITY_RELEVANT,DENIED,ALLOWED,"[""allowed_roots""]",SECURITY_RELEVANT,SECURITY_RELEVANT,SECURITY_RELEVANT
25,filesystem_scope_expansion,filesystem,SECURITY_RELEVANT,DENIED,ALLOWED,"[""allowed_roots""]",SECURITY_RELEVANT,SECURITY_RELEVANT,SECURITY_RELEVANT
26,filesystem_scope_expansion,filesystem,SECURITY_RELEVANT,DENIED,ALLOWED,"[""allowed_roots""]",SECURITY_RELEVANT,SECURITY_RELEVANT,SECURITY_RELEVANT
27,filesystem_scope_expansion,filesystem,SECURITY_RELEVANT,DENIED,ALLOWED,"[""allowed_roots""]",SECURITY_RELEVANT,SECURITY_RELEVANT,SECURITY_RELEVANT
28,filesystem_scope_expansion,filesystem,SECURITY_RELEVANT,DENIED,ALLOWED,"[""allowed_roots""]",SECURITY_RELEVANT,SECURITY_RELEVANT,SECURITY_RELEVANT
29,filesystem_scope_expansion,filesystem,SECURITY_RELEVANT,DENIED,ALLOWED,"[""allowed_roots""]",SECURITY_RELEVANT,SECURITY_RELEVANT,SECURITY_RELEVANT
30,filesystem_scope_expansion,filesystem,SECURITY_RELEVANT,DENIED,ALLOWED,"[""allowed_roots""]",SECURITY_RELEVANT,SECURITY_RELEVANT,SECURITY_RELEVANT
31,filesystem_scope_expansion,filesystem,SECURITY_RELEVANT,DENIED,ALLOWED,"[""allowed_roots""]",SECURITY_RELEVANT,SECURITY_RELEVANT,SECURITY_RELEVANT
32,filesystem_scope_expansion,filesystem,SECURITY_RELEVANT,DENIED,ALLOWED,"[""allowed_roots""]",SECURITY_RELEVANT,SECURITY_RELEVANT,SECURITY_RELEVANT
33,filesystem_scope_expansion,filesystem,SECURITY_RELEVANT,DENIED,ALLOWED,"[""allowed_roots""]",SECURITY_RELEVANT,SECURITY_RELEVANT,SECURITY_RELEVANT
34,filesystem_scope_expansion,filesystem,SECURITY_RELEVANT,DENIED,ALLOWED,"[""allowed_roots""]",SECURITY_RELEVANT,SECURITY_RELEVANT,SECURITY_RELEVANT
35,filesystem_scope_expansion,filesystem,SECURITY_RELEVANT,DENIED,ALLOWED,"[""allowed_roots""]",SECURITY_RELEVANT,SECURITY_RELEVANT,SECURITY_RELEVANT
36,filesystem_scope_expansion,filesystem,SECURITY_RELEVANT,DENIED,ALLOWED,"[""allowed_roots""]",SECURITY_RELEVANT,SECURITY_RELEVANT,SECURITY_RELEVANT
37,filesystem_scope_expansion,filesystem,SECURITY_RELEVANT,DENIED,ALLOWED,"[""allowed_roots""]",SECURITY_RELEVANT,SECURITY_RELEVANT,SECURITY_RELEVANT
38,filesystem_scope_expansion,filesystem,SECURITY_RELEVANT,DENIED,ALLOWED,"[""allowed_roots""]",SECURITY_RELEVANT,SECURITY_RELEVANT,SECURITY_RELEVANT
39,filesystem_scope_expansion,filesystem,SECURITY_RELEVANT,DENIED,ALLOWED,"[""allowed_roots""]",SECURITY_RELEVANT,SECURITY_RELEVANT,SECURITY_RELEVANT
40,filesystem_scope_expansion,filesystem,SECURITY_RELEVANT,DENIED,ALLOWED,"[""allowed_roots""]",SECURITY_RELEVANT,SECURITY_RELEVANT,SECURITY_RELEVANT
41,filesystem_scope_expansion,filesystem,SECURITY_RELEVANT,DENIED,ALLOWED,"[""allowed_roots""]",SECURITY_RELEVANT,SECURITY_RELEVANT,SECURITY_RELEVANT
42,filesystem_scope_expansion,filesystem,SECURITY_RELEVANT,DENIED,ALLOWED,"[""allowed_roots""]",SECURITY_RELEVANT,SECURITY_RELEVANT,SECURITY_RELEVANT
43,filesystem_scope_expansion,filesystem,SECURITY_RELEVANT,DENIED,ALLOWED,"[""allowed_roots""]",SECURITY_RELEVANT,SECURITY_RELEVANT,SECURITY_RELEVANT
44,filesystem_scope_expansion,filesystem,SECURITY_RELEVANT,DENIED,ALLOWED,"[""allowed_roots""]",SECURITY_RELEVANT,SECURITY_RELEVANT,SECURITY_RELEVANT
45,filesystem_scope_expansion,filesystem,SECURITY_RELEVANT,DENIED,ALLOWED,"[""allowed_roots""]",SECURITY_RELEVANT,SECURITY_RELEVANT,SECURITY_RELEVANT
46,filesystem_scope_expansion,filesystem,SECURITY_RELEVANT,DENIED,ALLOWED,"[""allowed_roots""]",SECURITY_RELEVANT,SECURITY_RELEVANT,SECURITY_RELEVANT
47,filesystem_scope_expansion,filesystem,SECURITY_RELEVANT,DENIED,ALLOWED,"[""allowed_roots""]",SECURITY_RELEVANT,SECURITY_RELEVANT,SECURITY_RELEVANT
48,filesystem_scope_expansion,filesystem,SECURITY_RELEVANT,DENIED,ALLOWED,"[""allowed_roots""]",SECURITY_RELEVANT,SECURITY_RELEVANT,SECURITY_RELEVANT
49,filesystem_scope_expansion,filesystem,SECURITY_RELEVANT,DENIED,ALLOWED,"[""allowed_roots""]",SECURITY_RELEVANT,SECURITY_RELEVANT,SECURITY_RELEVANT
50,filesystem_scope_expansion,filesystem,SECURITY_RELEVANT,DENIED,ALLOWED,"[""allowed_roots""]",SECURITY_RELEVANT,SECURITY_RELEVANT,SECURITY_RELEVANT
1,filesystem_write_permission,filesystem,SECURITY_RELEVANT,DENIED,ALLOWED,"[""writable_roots""]",SECURITY_RELEVANT,SECURITY_RELEVANT,SECURITY_RELEVANT
2,filesystem_write_permission,filesystem,SECURITY_RELEVANT,DENIED,ALLOWED,"[""writable_roots""]",SECURITY_RELEVANT,SECURITY_RELEVANT,SECURITY_RELEVANT
3,filesystem_write_permission,filesystem,SECURITY_RELEVANT,DENIED,ALLOWED,"[""writable_roots""]",SECURITY_RELEVANT,SECURITY_RELEVANT,SECURITY_RELEVANT
4,filesystem_write_permission,filesystem,SECURITY_RELEVANT,DENIED,ALLOWED,"[""writable_roots""]",SECURITY_RELEVANT,SECURITY_RELEVANT,SECURITY_RELEVANT
5,filesystem_write_permission,filesystem,SECURITY_RELEVANT,DENIED,ALLOWED,"[""writable_roots""]",SECURITY_RELEVANT,SECURITY_RELEVANT,SECURITY_RELEVANT
6,filesystem_write_permission,filesystem,SECURITY_RELEVANT,DENIED,ALLOWED,"[""writable_roots""]",SECURITY_RELEVANT,SECURITY_RELEVANT,SECURITY_RELEVANT
7,filesystem_write_permission,filesystem,SECURITY_RELEVANT,DENIED,ALLOWED,"[""writable_roots""]",SECURITY_RELEVANT,SECURITY_RELEVANT,SECURITY_RELEVANT
8,filesystem_write_permission,filesystem,SECURITY_RELEVANT,DENIED,ALLOWED,"[""writable_roots""]",SECURITY_RELEVANT,SECURITY_RELEVANT,SECURITY_RELEVANT
9,filesystem_write_permission,filesystem,SECURITY_RELEVANT,DENIED,ALLOWED,"[""writable_roots""]",SECURITY_RELEVANT,SECURITY_RELEVANT,SECURITY_RELEVANT
10,filesystem_write_permission,filesystem,SECURITY_RELEVANT,DENIED,ALLOWED,"[""writable_roots""]",SECURITY_RELEVANT,SECURITY_RELEVANT,SECURITY_RELEVANT
11,filesystem_write_permission,filesystem,SECURITY_RELEVANT,DENIED,ALLOWED,"[""writable_roots""]",SECURITY_RELEVANT,SECURITY_RELEVANT,SECURITY_RELEVANT
12,filesystem_write_permission,filesystem,SECURITY_RELEVANT,DENIED,ALLOWED,"[""writable_roots""]",SECURITY_RELEVANT,SECURITY_RELEVANT,SECURITY_RELEVANT
13,filesystem_write_permission,filesystem,SECURITY_RELEVANT,DENIED,ALLOWED,"[""writable_roots""]",SECURITY_RELEVANT,SECURITY_RELEVANT,SECURITY_RELEVANT
14,filesystem_write_permission,filesystem,SECURITY_RELEVANT,DENIED,ALLOWED,"[""writable_roots""]",SECURITY_RELEVANT,SECURITY_RELEVANT,SECURITY_RELEVANT
15,filesystem_write_permission,filesystem,SECURITY_RELEVANT,DENIED,ALLOWED,"[""writable_roots""]",SECURITY_RELEVANT,SECURITY_RELEVANT,SECURITY_RELEVANT
16,filesystem_write_permission,filesystem,SECURITY_RELEVANT,DENIED,ALLOWED,"[""writable_roots""]",SECURITY_RELEVANT,SECURITY_RELEVANT,SECURITY_RELEVANT
17,filesystem_write_permission,filesystem,SECURITY_RELEVANT,DENIED,ALLOWED,"[""writable_roots""]",SECURITY_RELEVANT,SECURITY_RELEVANT,SECURITY_RELEVANT
18,filesystem_write_permission,filesystem,SECURITY_RELEVANT,DENIED,ALLOWED,"[""writable_roots""]",SECURITY_RELEVANT,SECURITY_RELEVANT,SECURITY_RELEVANT
19,filesystem_write_permission,filesystem,SECURITY_RELEVANT,DENIED,ALLOWED,"[""writable_roots""]",SECURITY_RELEVANT,SECURITY_RELEVANT,SECURITY_RELEVANT
20,filesystem_write_permission,filesystem,SECURITY_RELEVANT,DENIED,ALLOWED,"[""writable_roots""]",SECURITY_RELEVANT,SECURITY_RELEVANT,SECURITY_RELEVANT
21,filesystem_write_permission,filesystem,SECURITY_RELEVANT,DENIED,ALLOWED,"[""writable_roots""]",SECURITY_RELEVANT,SECURITY_RELEVANT,SECURITY_RELEVANT
22,filesystem_write_permission,filesystem,SECURITY_RELEVANT,DENIED,ALLOWED,"[""writable_roots""]",SECURITY_RELEVANT,SECURITY_RELEVANT,SECURITY_RELEVANT
23,filesystem_write_permission,filesystem,SECURITY_RELEVANT,DENIED,ALLOWED,"[""writable_roots""]",SECURITY_RELEVANT,SECURITY_RELEVANT,SECURITY_RELEVANT
24,filesystem_write_permission,filesystem,SECURITY_RELEVANT,DENIED,ALLOWED,"[""writable_roots""]",SECURITY_RELEVANT,SECURITY_RELEVANT,SECURITY_RELEVANT
25,filesystem_write_permission,filesystem,SECURITY_RELEVANT,DENIED,ALLOWED,"[""writable_roots""]",SECURITY_RELEVANT,SECURITY_RELEVANT,SECURITY_RELEVANT
26,filesystem_write_permission,filesystem,SECURITY_RELEVANT,DENIED,ALLOWED,"[""writable_roots""]",SECURITY_RELEVANT,SECURITY_RELEVANT,SECURITY_RELEVANT
27,filesystem_write_permission,filesystem,SECURITY_RELEVANT,DENIED,ALLOWED,"[""writable_roots""]",SECURITY_RELEVANT,SECURITY_RELEVANT,SECURITY_RELEVANT
28,filesystem_write_permission,filesystem,SECURITY_RELEVANT,DENIED,ALLOWED,"[""writable_roots""]",SECURITY_RELEVANT,SECURITY_RELEVANT,SECURITY_RELEVANT
29,filesystem_write_permission,filesystem,SECURITY_RELEVANT,DENIED,ALLOWED,"[""writable_roots""]",SECURITY_RELEVANT,SECURITY_RELEVANT,SECURITY_RELEVANT
30,filesystem_write_permission,filesystem,SECURITY_RELEVANT,DENIED,ALLOWED,"[""writable_roots""]",SECURITY_RELEVANT,SECURITY_RELEVANT,SECURITY_RELEVANT
31,filesystem_write_permission,filesystem,SECURITY_RELEVANT,DENIED,ALLOWED,"[""writable_roots""]",SECURITY_RELEVANT,SECURITY_RELEVANT,SECURITY_RELEVANT
32,filesystem_write_permission,filesystem,SECURITY_RELEVANT,DENIED,ALLOWED,"[""writable_roots""]",SECURITY_RELEVANT,SECURITY_RELEVANT,SECURITY_RELEVANT
33,filesystem_write_permission,filesystem,SECURITY_RELEVANT,DENIED,ALLOWED,"[""writable_roots""]",SECURITY_RELEVANT,SECURITY_RELEVANT,SECURITY_RELEVANT
34,filesystem_write_permission,filesystem,SECURITY_RELEVANT,DENIED,ALLOWED,"[""writable_roots""]",SECURITY_RELEVANT,SECURITY_RELEVANT,SECURITY_RELEVANT
35,filesystem_write_permission,filesystem,SECURITY_RELEVANT,DENIED,ALLOWED,"[""writable_roots""]",SECURITY_RELEVANT,SECURITY_RELEVANT,SECURITY_RELEVANT
36,filesystem_write_permission,filesystem,SECURITY_RELEVANT,DENIED,ALLOWED,"[""writable_roots""]",SECURITY_RELEVANT,SECURITY_RELEVANT,SECURITY_RELEVANT
37,filesystem_write_permission,filesystem,SECURITY_RELEVANT,DENIED,ALLOWED,"[""writable_roots""]",SECURITY_RELEVANT,SECURITY_RELEVANT,SECURITY_RELEVANT
38,filesystem_write_permission,filesystem,SECURITY_RELEVANT,DENIED,ALLOWED,"[""writable_roots""]",SECURITY_RELEVANT,SECURITY_RELEVANT,SECURITY_RELEVANT
39,filesystem_write_permission,filesystem,SECURITY_RELEVANT,DENIED,ALLOWED,"[""writable_roots""]",SECURITY_RELEVANT,SECURITY_RELEVANT,SECURITY_RELEVANT
40,filesystem_write_permission,filesystem,SECURITY_RELEVANT,DENIED,ALLOWED,"[""writable_roots""]",SECURITY_RELEVANT,SECURITY_RELEVANT,SECURITY_RELEVANT
41,filesystem_write_permission,filesystem,SECURITY_RELEVANT,DENIED,ALLOWED,"[""writable_roots""]",SECURITY_RELEVANT,SECURITY_RELEVANT,SECURITY_RELEVANT
42,filesystem_write_permission,filesystem,SECURITY_RELEVANT,DENIED,ALLOWED,"[""writable_roots""]",SECURITY_RELEVANT,SECURITY_RELEVANT,SECURITY_RELEVANT
43,filesystem_write_permission,filesystem,SECURITY_RELEVANT,DENIED,ALLOWED,"[""writable_roots""]",SECURITY_RELEVANT,SECURITY_RELEVANT,SECURITY_RELEVANT
44,filesystem_write_permission,filesystem,SECURITY_RELEVANT,DENIED,ALLOWED,"[""writable_roots""]",SECURITY_RELEVANT,SECURITY_RELEVANT,SECURITY_RELEVANT
45,filesystem_write_permission,filesystem,SECURITY_RELEVANT,DENIED,ALLOWED,"[""writable_roots""]",SECURITY_RELEVANT,SECURITY_RELEVANT,SECURITY_RELEVANT
46,filesystem_write_permission,filesystem,SECURITY_RELEVANT,DENIED,ALLOWED,"[""writable_roots""]",SECURITY_RELEVANT,SECURITY_RELEVANT,SECURITY_RELEVANT
47,filesystem_write_permission,filesystem,SECURITY_RELEVANT,DENIED,ALLOWED,"[""writable_roots""]",SECURITY_RELEVANT,SECURITY_RELEVANT,SECURITY_RELEVANT
48,filesystem_write_permission,filesystem,SECURITY_RELEVANT,DENIED,ALLOWED,"[""writable_roots""]",SECURITY_RELEVANT,SECURITY_RELEVANT,SECURITY_RELEVANT
49,filesystem_write_permission,filesystem,SECURITY_RELEVANT,DENIED,ALLOWED,"[""writable_roots""]",SECURITY_RELEVANT,SECURITY_RELEVANT,SECURITY_RELEVANT
50,filesystem_write_permission,filesystem,SECURITY_RELEVANT,DENIED,ALLOWED,"[""writable_roots""]",SECURITY_RELEVANT,SECURITY_RELEVANT,SECURITY_RELEVANT
1,log_retention_change,operational_configuration,BENIGN,ALLOWED,ALLOWED,"[""log_retention_days""]",BENIGN,BENIGN,BENIGN
2,log_retention_change,operational_configuration,BENIGN,ALLOWED,ALLOWED,"[""log_retention_days""]",BENIGN,BENIGN,BENIGN
3,log_retention_change,operational_configuration,BENIGN,ALLOWED,ALLOWED,"[""log_retention_days""]",BENIGN,BENIGN,BENIGN
4,log_retention_change,operational_configuration,BENIGN,ALLOWED,ALLOWED,"[""log_retention_days""]",BENIGN,BENIGN,BENIGN
5,log_retention_change,operational_configuration,BENIGN,ALLOWED,ALLOWED,"[""log_retention_days""]",BENIGN,BENIGN,BENIGN
6,log_retention_change,operational_configuration,BENIGN,ALLOWED,ALLOWED,"[""log_retention_days""]",BENIGN,BENIGN,BENIGN
7,log_retention_change,operational_configuration,BENIGN,ALLOWED,ALLOWED,"[""log_retention_days""]",BENIGN,BENIGN,BENIGN
8,log_retention_change,operational_configuration,BENIGN,ALLOWED,ALLOWED,"[""log_retention_days""]",BENIGN,BENIGN,BENIGN
9,log_retention_change,operational_configuration,BENIGN,ALLOWED,ALLOWED,"[""log_retention_days""]",BENIGN,BENIGN,BENIGN
10,log_retention_change,operational_configuration,BENIGN,ALLOWED,ALLOWED,"[""log_retention_days""]",BENIGN,BENIGN,BENIGN
11,log_retention_change,operational_configuration,BENIGN,ALLOWED,ALLOWED,"[""log_retention_days""]",BENIGN,BENIGN,BENIGN
12,log_retention_change,operational_configuration,BENIGN,ALLOWED,ALLOWED,"[""log_retention_days""]",BENIGN,BENIGN,BENIGN
13,log_retention_change,operational_configuration,BENIGN,ALLOWED,ALLOWED,"[""log_retention_days""]",BENIGN,BENIGN,BENIGN
14,log_retention_change,operational_configuration,BENIGN,ALLOWED,ALLOWED,"[""log_retention_days""]",BENIGN,BENIGN,BENIGN
15,log_retention_change,operational_configuration,BENIGN,ALLOWED,ALLOWED,"[""log_retention_days""]",BENIGN,BENIGN,BENIGN
16,log_retention_change,operational_configuration,BENIGN,ALLOWED,ALLOWED,"[""log_retention_days""]",BENIGN,BENIGN,BENIGN
17,log_retention_change,operational_configuration,BENIGN,ALLOWED,ALLOWED,"[""log_retention_days""]",BENIGN,BENIGN,BENIGN
18,log_retention_change,operational_configuration,BENIGN,ALLOWED,ALLOWED,"[""log_retention_days""]",BENIGN,BENIGN,BENIGN
19,log_retention_change,operational_configuration,BENIGN,ALLOWED,ALLOWED,"[""log_retention_days""]",BENIGN,BENIGN,BENIGN
20,log_retention_change,operational_configuration,BENIGN,ALLOWED,ALLOWED,"[""log_retention_days""]",BENIGN,BENIGN,BENIGN
21,log_retention_change,operational_configuration,BENIGN,ALLOWED,ALLOWED,"[""log_retention_days""]",BENIGN,BENIGN,BENIGN
22,log_retention_change,operational_configuration,BENIGN,ALLOWED,ALLOWED,"[""log_retention_days""]",BENIGN,BENIGN,BENIGN
23,log_retention_change,operational_configuration,BENIGN,ALLOWED,ALLOWED,"[""log_retention_days""]",BENIGN,BENIGN,BENIGN
24,log_retention_change,operational_configuration,BENIGN,ALLOWED,ALLOWED,"[""log_retention_days""]",BENIGN,BENIGN,BENIGN
25,log_retention_change,operational_configuration,BENIGN,ALLOWED,ALLOWED,"[""log_retention_days""]",BENIGN,BENIGN,BENIGN
26,log_retention_change,operational_configuration,BENIGN,ALLOWED,ALLOWED,"[""log_retention_days""]",BENIGN,BENIGN,BENIGN
27,log_retention_change,operational_configuration,BENIGN,ALLOWED,ALLOWED,"[""log_retention_days""]",BENIGN,BENIGN,BENIGN
28,log_retention_change,operational_configuration,BENIGN,ALLOWED,ALLOWED,"[""log_retention_days""]",BENIGN,BENIGN,BENIGN
29,log_retention_change,operational_configuration,BENIGN,ALLOWED,ALLOWED,"[""log_retention_days""]",BENIGN,BENIGN,BENIGN
30,log_retention_change,operational_configuration,BENIGN,ALLOWED,ALLOWED,"[""log_retention_days""]",BENIGN,BENIGN,BENIGN
31,log_retention_change,operational_configuration,BENIGN,ALLOWED,ALLOWED,"[""log_retention_days""]",BENIGN,BENIGN,BENIGN
32,log_retention_change,operational_configuration,BENIGN,ALLOWED,ALLOWED,"[""log_retention_days""]",BENIGN,BENIGN,BENIGN
33,log_retention_change,operational_configuration,BENIGN,ALLOWED,ALLOWED,"[""log_retention_days""]",BENIGN,BENIGN,BENIGN
34,log_retention_change,operational_configuration,BENIGN,ALLOWED,ALLOWED,"[""log_retention_days""]",BENIGN,BENIGN,BENIGN
35,log_retention_change,operational_configuration,BENIGN,ALLOWED,ALLOWED,"[""log_retention_days""]",BENIGN,BENIGN,BENIGN
36,log_retention_change,operational_configuration,BENIGN,ALLOWED,ALLOWED,"[""log_retention_days""]",BENIGN,BENIGN,BENIGN
37,log_retention_change,operational_configuration,BENIGN,ALLOWED,ALLOWED,"[""log_retention_days""]",BENIGN,BENIGN,BENIGN
38,log_retention_change,operational_configuration,BENIGN,ALLOWED,ALLOWED,"[""log_retention_days""]",BENIGN,BENIGN,BENIGN
39,log_retention_change,operational_configuration,BENIGN,ALLOWED,ALLOWED,"[""log_retention_days""]",BENIGN,BENIGN,BENIGN
40,log_retention_change,operational_configuration,BENIGN,ALLOWED,ALLOWED,"[""log_retention_days""]",BENIGN,BENIGN,BENIGN
41,log_retention_change,operational_configuration,BENIGN,ALLOWED,ALLOWED,"[""log_retention_days""]",BENIGN,BENIGN,BENIGN
42,log_retention_change,operational_configuration,BENIGN,ALLOWED,ALLOWED,"[""log_retention_days""]",BENIGN,BENIGN,BENIGN
43,log_retention_change,operational_configuration,BENIGN,ALLOWED,ALLOWED,"[""log_retention_days""]",BENIGN,BENIGN,BENIGN
44,log_retention_change,operational_configuration,BENIGN,ALLOWED,ALLOWED,"[""log_retention_days""]",BENIGN,BENIGN,BENIGN
45,log_retention_change,operational_configuration,BENIGN,ALLOWED,ALLOWED,"[""log_retention_days""]",BENIGN,BENIGN,BENIGN
46,log_retention_change,operational_configuration,BENIGN,ALLOWED,ALLOWED,"[""log_retention_days""]",BENIGN,BENIGN,BENIGN
47,log_retention_change,operational_configuration,BENIGN,ALLOWED,ALLOWED,"[""log_retention_days""]",BENIGN,BENIGN,BENIGN
48,log_retention_change,operational_configuration,BENIGN,ALLOWED,ALLOWED,"[""log_retention_days""]",BENIGN,BENIGN,BENIGN
49,log_retention_change,operational_configuration,BENIGN,ALLOWED,ALLOWED,"[""log_retention_days""]",BENIGN,BENIGN,BENIGN
50,log_retention_change,operational_configuration,BENIGN,ALLOWED,ALLOWED,"[""log_retention_days""]",BENIGN,BENIGN,BENIGN
1,logging_level_change,operational_configuration,BENIGN,ALLOWED,ALLOWED,"[""logging_level""]",BENIGN,BENIGN,BENIGN
2,logging_level_change,operational_configuration,BENIGN,ALLOWED,ALLOWED,"[""logging_level""]",BENIGN,BENIGN,BENIGN
3,logging_level_change,operational_configuration,BENIGN,ALLOWED,ALLOWED,"[""logging_level""]",BENIGN,BENIGN,BENIGN
4,logging_level_change,operational_configuration,BENIGN,ALLOWED,ALLOWED,"[""logging_level""]",BENIGN,BENIGN,BENIGN
5,logging_level_change,operational_configuration,BENIGN,ALLOWED,ALLOWED,"[""logging_level""]",BENIGN,BENIGN,BENIGN
6,logging_level_change,operational_configuration,BENIGN,ALLOWED,ALLOWED,"[""logging_level""]",BENIGN,BENIGN,BENIGN
7,logging_level_change,operational_configuration,BENIGN,ALLOWED,ALLOWED,"[""logging_level""]",BENIGN,BENIGN,BENIGN
8,logging_level_change,operational_configuration,BENIGN,ALLOWED,ALLOWED,"[""logging_level""]",BENIGN,BENIGN,BENIGN
9,logging_level_change,operational_configuration,BENIGN,ALLOWED,ALLOWED,"[""logging_level""]",BENIGN,BENIGN,BENIGN
10,logging_level_change,operational_configuration,BENIGN,ALLOWED,ALLOWED,"[""logging_level""]",BENIGN,BENIGN,BENIGN
11,logging_level_change,operational_configuration,BENIGN,ALLOWED,ALLOWED,"[""logging_level""]",BENIGN,BENIGN,BENIGN
12,logging_level_change,operational_configuration,BENIGN,ALLOWED,ALLOWED,"[""logging_level""]",BENIGN,BENIGN,BENIGN
13,logging_level_change,operational_configuration,BENIGN,ALLOWED,ALLOWED,"[""logging_level""]",BENIGN,BENIGN,BENIGN
14,logging_level_change,operational_configuration,BENIGN,ALLOWED,ALLOWED,"[""logging_level""]",BENIGN,BENIGN,BENIGN
15,logging_level_change,operational_configuration,BENIGN,ALLOWED,ALLOWED,"[""logging_level""]",BENIGN,BENIGN,BENIGN
16,logging_level_change,operational_configuration,BENIGN,ALLOWED,ALLOWED,"[""logging_level""]",BENIGN,BENIGN,BENIGN
17,logging_level_change,operational_configuration,BENIGN,ALLOWED,ALLOWED,"[""logging_level""]",BENIGN,BENIGN,BENIGN
18,logging_level_change,operational_configuration,BENIGN,ALLOWED,ALLOWED,"[""logging_level""]",BENIGN,BENIGN,BENIGN
19,logging_level_change,operational_configuration,BENIGN,ALLOWED,ALLOWED,"[""logging_level""]",BENIGN,BENIGN,BENIGN
20,logging_level_change,operational_configuration,BENIGN,ALLOWED,ALLOWED,"[""logging_level""]",BENIGN,BENIGN,BENIGN
21,logging_level_change,operational_configuration,BENIGN,ALLOWED,ALLOWED,"[""logging_level""]",BENIGN,BENIGN,BENIGN
22,logging_level_change,operational_configuration,BENIGN,ALLOWED,ALLOWED,"[""logging_level""]",BENIGN,BENIGN,BENIGN
23,logging_level_change,operational_configuration,BENIGN,ALLOWED,ALLOWED,"[""logging_level""]",BENIGN,BENIGN,BENIGN
24,logging_level_change,operational_configuration,BENIGN,ALLOWED,ALLOWED,"[""logging_level""]",BENIGN,BENIGN,BENIGN
25,logging_level_change,operational_configuration,BENIGN,ALLOWED,ALLOWED,"[""logging_level""]",BENIGN,BENIGN,BENIGN
26,logging_level_change,operational_configuration,BENIGN,ALLOWED,ALLOWED,"[""logging_level""]",BENIGN,BENIGN,BENIGN
27,logging_level_change,operational_configuration,BENIGN,ALLOWED,ALLOWED,"[""logging_level""]",BENIGN,BENIGN,BENIGN
28,logging_level_change,operational_configuration,BENIGN,ALLOWED,ALLOWED,"[""logging_level""]",BENIGN,BENIGN,BENIGN
29,logging_level_change,operational_configuration,BENIGN,ALLOWED,ALLOWED,"[""logging_level""]",BENIGN,BENIGN,BENIGN
30,logging_level_change,operational_configuration,BENIGN,ALLOWED,ALLOWED,"[""logging_level""]",BENIGN,BENIGN,BENIGN
31,logging_level_change,operational_configuration,BENIGN,ALLOWED,ALLOWED,"[""logging_level""]",BENIGN,BENIGN,BENIGN
32,logging_level_change,operational_configuration,BENIGN,ALLOWED,ALLOWED,"[""logging_level""]",BENIGN,BENIGN,BENIGN
33,logging_level_change,operational_configuration,BENIGN,ALLOWED,ALLOWED,"[""logging_level""]",BENIGN,BENIGN,BENIGN
34,logging_level_change,operational_configuration,BENIGN,ALLOWED,ALLOWED,"[""logging_level""]",BENIGN,BENIGN,BENIGN
35,logging_level_change,operational_configuration,BENIGN,ALLOWED,ALLOWED,"[""logging_level""]",BENIGN,BENIGN,BENIGN
36,logging_level_change,operational_configuration,BENIGN,ALLOWED,ALLOWED,"[""logging_level""]",BENIGN,BENIGN,BENIGN
37,logging_level_change,operational_configuration,BENIGN,ALLOWED,ALLOWED,"[""logging_level""]",BENIGN,BENIGN,BENIGN
38,logging_level_change,operational_configuration,BENIGN,ALLOWED,ALLOWED,"[""logging_level""]",BENIGN,BENIGN,BENIGN
39,logging_level_change,operational_configuration,BENIGN,ALLOWED,ALLOWED,"[""logging_level""]",BENIGN,BENIGN,BENIGN
40,logging_level_change,operational_configuration,BENIGN,ALLOWED,ALLOWED,"[""logging_level""]",BENIGN,BENIGN,BENIGN
41,logging_level_change,operational_configuration,BENIGN,ALLOWED,ALLOWED,"[""logging_level""]",BENIGN,BENIGN,BENIGN
42,logging_level_change,operational_configuration,BENIGN,ALLOWED,ALLOWED,"[""logging_level""]",BENIGN,BENIGN,BENIGN
43,logging_level_change,operational_configuration,BENIGN,ALLOWED,ALLOWED,"[""logging_level""]",BENIGN,BENIGN,BENIGN
44,logging_level_change,operational_configuration,BENIGN,ALLOWED,ALLOWED,"[""logging_level""]",BENIGN,BENIGN,BENIGN
45,logging_level_change,operational_configuration,BENIGN,ALLOWED,ALLOWED,"[""logging_level""]",BENIGN,BENIGN,BENIGN
46,logging_level_change,operational_configuration,BENIGN,ALLOWED,ALLOWED,"[""logging_level""]",BENIGN,BENIGN,BENIGN
47,logging_level_change,operational_configuration,BENIGN,ALLOWED,ALLOWED,"[""logging_level""]",BENIGN,BENIGN,BENIGN
48,logging_level_change,operational_configuration,BENIGN,ALLOWED,ALLOWED,"[""logging_level""]",BENIGN,BENIGN,BENIGN
49,logging_level_change,operational_configuration,BENIGN,ALLOWED,ALLOWED,"[""logging_level""]",BENIGN,BENIGN,BENIGN
50,logging_level_change,operational_configuration,BENIGN,ALLOWED,ALLOWED,"[""logging_level""]",BENIGN,BENIGN,BENIGN
1,network_allowlist_expansion,network,SECURITY_RELEVANT,DENIED,ALLOWED,"[""allowed_destinations""]",SECURITY_RELEVANT,SECURITY_RELEVANT,SECURITY_RELEVANT
2,network_allowlist_expansion,network,SECURITY_RELEVANT,DENIED,ALLOWED,"[""allowed_destinations""]",SECURITY_RELEVANT,SECURITY_RELEVANT,SECURITY_RELEVANT
3,network_allowlist_expansion,network,SECURITY_RELEVANT,DENIED,ALLOWED,"[""allowed_destinations""]",SECURITY_RELEVANT,SECURITY_RELEVANT,SECURITY_RELEVANT
4,network_allowlist_expansion,network,SECURITY_RELEVANT,DENIED,ALLOWED,"[""allowed_destinations""]",SECURITY_RELEVANT,SECURITY_RELEVANT,SECURITY_RELEVANT
5,network_allowlist_expansion,network,SECURITY_RELEVANT,DENIED,ALLOWED,"[""allowed_destinations""]",SECURITY_RELEVANT,SECURITY_RELEVANT,SECURITY_RELEVANT
6,network_allowlist_expansion,network,SECURITY_RELEVANT,DENIED,ALLOWED,"[""allowed_destinations""]",SECURITY_RELEVANT,SECURITY_RELEVANT,SECURITY_RELEVANT
7,network_allowlist_expansion,network,SECURITY_RELEVANT,DENIED,ALLOWED,"[""allowed_destinations""]",SECURITY_RELEVANT,SECURITY_RELEVANT,SECURITY_RELEVANT
8,network_allowlist_expansion,network,SECURITY_RELEVANT,DENIED,ALLOWED,"[""allowed_destinations""]",SECURITY_RELEVANT,SECURITY_RELEVANT,SECURITY_RELEVANT
9,network_allowlist_expansion,network,SECURITY_RELEVANT,DENIED,ALLOWED,"[""allowed_destinations""]",SECURITY_RELEVANT,SECURITY_RELEVANT,SECURITY_RELEVANT
10,network_allowlist_expansion,network,SECURITY_RELEVANT,DENIED,ALLOWED,"[""allowed_destinations""]",SECURITY_RELEVANT,SECURITY_RELEVANT,SECURITY_RELEVANT
11,network_allowlist_expansion,network,SECURITY_RELEVANT,DENIED,ALLOWED,"[""allowed_destinations""]",SECURITY_RELEVANT,SECURITY_RELEVANT,SECURITY_RELEVANT
12,network_allowlist_expansion,network,SECURITY_RELEVANT,DENIED,ALLOWED,"[""allowed_destinations""]",SECURITY_RELEVANT,SECURITY_RELEVANT,SECURITY_RELEVANT
13,network_allowlist_expansion,network,SECURITY_RELEVANT,DENIED,ALLOWED,"[""allowed_destinations""]",SECURITY_RELEVANT,SECURITY_RELEVANT,SECURITY_RELEVANT
14,network_allowlist_expansion,network,SECURITY_RELEVANT,DENIED,ALLOWED,"[""allowed_destinations""]",SECURITY_RELEVANT,SECURITY_RELEVANT,SECURITY_RELEVANT
15,network_allowlist_expansion,network,SECURITY_RELEVANT,DENIED,ALLOWED,"[""allowed_destinations""]",SECURITY_RELEVANT,SECURITY_RELEVANT,SECURITY_RELEVANT
16,network_allowlist_expansion,network,SECURITY_RELEVANT,DENIED,ALLOWED,"[""allowed_destinations""]",SECURITY_RELEVANT,SECURITY_RELEVANT,SECURITY_RELEVANT
17,network_allowlist_expansion,network,SECURITY_RELEVANT,DENIED,ALLOWED,"[""allowed_destinations""]",SECURITY_RELEVANT,SECURITY_RELEVANT,SECURITY_RELEVANT
18,network_allowlist_expansion,network,SECURITY_RELEVANT,DENIED,ALLOWED,"[""allowed_destinations""]",SECURITY_RELEVANT,SECURITY_RELEVANT,SECURITY_RELEVANT
19,network_allowlist_expansion,network,SECURITY_RELEVANT,DENIED,ALLOWED,"[""allowed_destinations""]",SECURITY_RELEVANT,SECURITY_RELEVANT,SECURITY_RELEVANT
20,network_allowlist_expansion,network,SECURITY_RELEVANT,DENIED,ALLOWED,"[""allowed_destinations""]",SECURITY_RELEVANT,SECURITY_RELEVANT,SECURITY_RELEVANT
21,network_allowlist_expansion,network,SECURITY_RELEVANT,DENIED,ALLOWED,"[""allowed_destinations""]",SECURITY_RELEVANT,SECURITY_RELEVANT,SECURITY_RELEVANT
22,network_allowlist_expansion,network,SECURITY_RELEVANT,DENIED,ALLOWED,"[""allowed_destinations""]",SECURITY_RELEVANT,SECURITY_RELEVANT,SECURITY_RELEVANT
23,network_allowlist_expansion,network,SECURITY_RELEVANT,DENIED,ALLOWED,"[""allowed_destinations""]",SECURITY_RELEVANT,SECURITY_RELEVANT,SECURITY_RELEVANT
24,network_allowlist_expansion,network,SECURITY_RELEVANT,DENIED,ALLOWED,"[""allowed_destinations""]",SECURITY_RELEVANT,SECURITY_RELEVANT,SECURITY_RELEVANT
25,network_allowlist_expansion,network,SECURITY_RELEVANT,DENIED,ALLOWED,"[""allowed_destinations""]",SECURITY_RELEVANT,SECURITY_RELEVANT,SECURITY_RELEVANT
26,network_allowlist_expansion,network,SECURITY_RELEVANT,DENIED,ALLOWED,"[""allowed_destinations""]",SECURITY_RELEVANT,SECURITY_RELEVANT,SECURITY_RELEVANT
27,network_allowlist_expansion,network,SECURITY_RELEVANT,DENIED,ALLOWED,"[""allowed_destinations""]",SECURITY_RELEVANT,SECURITY_RELEVANT,SECURITY_RELEVANT
28,network_allowlist_expansion,network,SECURITY_RELEVANT,DENIED,ALLOWED,"[""allowed_destinations""]",SECURITY_RELEVANT,SECURITY_RELEVANT,SECURITY_RELEVANT
29,network_allowlist_expansion,network,SECURITY_RELEVANT,DENIED,ALLOWED,"[""allowed_destinations""]",SECURITY_RELEVANT,SECURITY_RELEVANT,SECURITY_RELEVANT
30,network_allowlist_expansion,network,SECURITY_RELEVANT,DENIED,ALLOWED,"[""allowed_destinations""]",SECURITY_RELEVANT,SECURITY_RELEVANT,SECURITY_RELEVANT
31,network_allowlist_expansion,network,SECURITY_RELEVANT,DENIED,ALLOWED,"[""allowed_destinations""]",SECURITY_RELEVANT,SECURITY_RELEVANT,SECURITY_RELEVANT
32,network_allowlist_expansion,network,SECURITY_RELEVANT,DENIED,ALLOWED,"[""allowed_destinations""]",SECURITY_RELEVANT,SECURITY_RELEVANT,SECURITY_RELEVANT
33,network_allowlist_expansion,network,SECURITY_RELEVANT,DENIED,ALLOWED,"[""allowed_destinations""]",SECURITY_RELEVANT,SECURITY_RELEVANT,SECURITY_RELEVANT
34,network_allowlist_expansion,network,SECURITY_RELEVANT,DENIED,ALLOWED,"[""allowed_destinations""]",SECURITY_RELEVANT,SECURITY_RELEVANT,SECURITY_RELEVANT
35,network_allowlist_expansion,network,SECURITY_RELEVANT,DENIED,ALLOWED,"[""allowed_destinations""]",SECURITY_RELEVANT,SECURITY_RELEVANT,SECURITY_RELEVANT
36,network_allowlist_expansion,network,SECURITY_RELEVANT,DENIED,ALLOWED,"[""allowed_destinations""]",SECURITY_RELEVANT,SECURITY_RELEVANT,SECURITY_RELEVANT
37,network_allowlist_expansion,network,SECURITY_RELEVANT,DENIED,ALLOWED,"[""allowed_destinations""]",SECURITY_RELEVANT,SECURITY_RELEVANT,SECURITY_RELEVANT
38,network_allowlist_expansion,network,SECURITY_RELEVANT,DENIED,ALLOWED,"[""allowed_destinations""]",SECURITY_RELEVANT,SECURITY_RELEVANT,SECURITY_RELEVANT
39,network_allowlist_expansion,network,SECURITY_RELEVANT,DENIED,ALLOWED,"[""allowed_destinations""]",SECURITY_RELEVANT,SECURITY_RELEVANT,SECURITY_RELEVANT
40,network_allowlist_expansion,network,SECURITY_RELEVANT,DENIED,ALLOWED,"[""allowed_destinations""]",SECURITY_RELEVANT,SECURITY_RELEVANT,SECURITY_RELEVANT
41,network_allowlist_expansion,network,SECURITY_RELEVANT,DENIED,ALLOWED,"[""allowed_destinations""]",SECURITY_RELEVANT,SECURITY_RELEVANT,SECURITY_RELEVANT
42,network_allowlist_expansion,network,SECURITY_RELEVANT,DENIED,ALLOWED,"[""allowed_destinations""]",SECURITY_RELEVANT,SECURITY_RELEVANT,SECURITY_RELEVANT
43,network_allowlist_expansion,network,SECURITY_RELEVANT,DENIED,ALLOWED,"[""allowed_destinations""]",SECURITY_RELEVANT,SECURITY_RELEVANT,SECURITY_RELEVANT
44,network_allowlist_expansion,network,SECURITY_RELEVANT,DENIED,ALLOWED,"[""allowed_destinations""]",SECURITY_RELEVANT,SECURITY_RELEVANT,SECURITY_RELEVANT
45,network_allowlist_expansion,network,SECURITY_RELEVANT,DENIED,ALLOWED,"[""allowed_destinations""]",SECURITY_RELEVANT,SECURITY_RELEVANT,SECURITY_RELEVANT
46,network_allowlist_expansion,network,SECURITY_RELEVANT,DENIED,ALLOWED,"[""allowed_destinations""]",SECURITY_RELEVANT,SECURITY_RELEVANT,SECURITY_RELEVANT
47,network_allowlist_expansion,network,SECURITY_RELEVANT,DENIED,ALLOWED,"[""allowed_destinations""]",SECURITY_RELEVANT,SECURITY_RELEVANT,SECURITY_RELEVANT
48,network_allowlist_expansion,network,SECURITY_RELEVANT,DENIED,ALLOWED,"[""allowed_destinations""]",SECURITY_RELEVANT,SECURITY_RELEVANT,SECURITY_RELEVANT
49,network_allowlist_expansion,network,SECURITY_RELEVANT,DENIED,ALLOWED,"[""allowed_destinations""]",SECURITY_RELEVANT,SECURITY_RELEVANT,SECURITY_RELEVANT
50,network_allowlist_expansion,network,SECURITY_RELEVANT,DENIED,ALLOWED,"[""allowed_destinations""]",SECURITY_RELEVANT,SECURITY_RELEVANT,SECURITY_RELEVANT
1,network_restriction_removal,network,SECURITY_RELEVANT,DENIED,ALLOWED,"[""network_access_allowed""]",SECURITY_RELEVANT,SECURITY_RELEVANT,SECURITY_RELEVANT
2,network_restriction_removal,network,SECURITY_RELEVANT,DENIED,ALLOWED,"[""network_access_allowed""]",SECURITY_RELEVANT,SECURITY_RELEVANT,SECURITY_RELEVANT
3,network_restriction_removal,network,SECURITY_RELEVANT,DENIED,ALLOWED,"[""network_access_allowed""]",SECURITY_RELEVANT,SECURITY_RELEVANT,SECURITY_RELEVANT
4,network_restriction_removal,network,SECURITY_RELEVANT,DENIED,ALLOWED,"[""network_access_allowed""]",SECURITY_RELEVANT,SECURITY_RELEVANT,SECURITY_RELEVANT
5,network_restriction_removal,network,SECURITY_RELEVANT,DENIED,ALLOWED,"[""network_access_allowed""]",SECURITY_RELEVANT,SECURITY_RELEVANT,SECURITY_RELEVANT
6,network_restriction_removal,network,SECURITY_RELEVANT,DENIED,ALLOWED,"[""network_access_allowed""]",SECURITY_RELEVANT,SECURITY_RELEVANT,SECURITY_RELEVANT
7,network_restriction_removal,network,SECURITY_RELEVANT,DENIED,ALLOWED,"[""network_access_allowed""]",SECURITY_RELEVANT,SECURITY_RELEVANT,SECURITY_RELEVANT
8,network_restriction_removal,network,SECURITY_RELEVANT,DENIED,ALLOWED,"[""network_access_allowed""]",SECURITY_RELEVANT,SECURITY_RELEVANT,SECURITY_RELEVANT
9,network_restriction_removal,network,SECURITY_RELEVANT,DENIED,ALLOWED,"[""network_access_allowed""]",SECURITY_RELEVANT,SECURITY_RELEVANT,SECURITY_RELEVANT
10,network_restriction_removal,network,SECURITY_RELEVANT,DENIED,ALLOWED,"[""network_access_allowed""]",SECURITY_RELEVANT,SECURITY_RELEVANT,SECURITY_RELEVANT
11,network_restriction_removal,network,SECURITY_RELEVANT,DENIED,ALLOWED,"[""network_access_allowed""]",SECURITY_RELEVANT,SECURITY_RELEVANT,SECURITY_RELEVANT
12,network_restriction_removal,network,SECURITY_RELEVANT,DENIED,ALLOWED,"[""network_access_allowed""]",SECURITY_RELEVANT,SECURITY_RELEVANT,SECURITY_RELEVANT
13,network_restriction_removal,network,SECURITY_RELEVANT,DENIED,ALLOWED,"[""network_access_allowed""]",SECURITY_RELEVANT,SECURITY_RELEVANT,SECURITY_RELEVANT
14,network_restriction_removal,network,SECURITY_RELEVANT,DENIED,ALLOWED,"[""network_access_allowed""]",SECURITY_RELEVANT,SECURITY_RELEVANT,SECURITY_RELEVANT
15,network_restriction_removal,network,SECURITY_RELEVANT,DENIED,ALLOWED,"[""network_access_allowed""]",SECURITY_RELEVANT,SECURITY_RELEVANT,SECURITY_RELEVANT
16,network_restriction_removal,network,SECURITY_RELEVANT,DENIED,ALLOWED,"[""network_access_allowed""]",SECURITY_RELEVANT,SECURITY_RELEVANT,SECURITY_RELEVANT
17,network_restriction_removal,network,SECURITY_RELEVANT,DENIED,ALLOWED,"[""network_access_allowed""]",SECURITY_RELEVANT,SECURITY_RELEVANT,SECURITY_RELEVANT
18,network_restriction_removal,network,SECURITY_RELEVANT,DENIED,ALLOWED,"[""network_access_allowed""]",SECURITY_RELEVANT,SECURITY_RELEVANT,SECURITY_RELEVANT
19,network_restriction_removal,network,SECURITY_RELEVANT,DENIED,ALLOWED,"[""network_access_allowed""]",SECURITY_RELEVANT,SECURITY_RELEVANT,SECURITY_RELEVANT
20,network_restriction_removal,network,SECURITY_RELEVANT,DENIED,ALLOWED,"[""network_access_allowed""]",SECURITY_RELEVANT,SECURITY_RELEVANT,SECURITY_RELEVANT
21,network_restriction_removal,network,SECURITY_RELEVANT,DENIED,ALLOWED,"[""network_access_allowed""]",SECURITY_RELEVANT,SECURITY_RELEVANT,SECURITY_RELEVANT
22,network_restriction_removal,network,SECURITY_RELEVANT,DENIED,ALLOWED,"[""network_access_allowed""]",SECURITY_RELEVANT,SECURITY_RELEVANT,SECURITY_RELEVANT
23,network_restriction_removal,network,SECURITY_RELEVANT,DENIED,ALLOWED,"[""network_access_allowed""]",SECURITY_RELEVANT,SECURITY_RELEVANT,SECURITY_RELEVANT
24,network_restriction_removal,network,SECURITY_RELEVANT,DENIED,ALLOWED,"[""network_access_allowed""]",SECURITY_RELEVANT,SECURITY_RELEVANT,SECURITY_RELEVANT
25,network_restriction_removal,network,SECURITY_RELEVANT,DENIED,ALLOWED,"[""network_access_allowed""]",SECURITY_RELEVANT,SECURITY_RELEVANT,SECURITY_RELEVANT
26,network_restriction_removal,network,SECURITY_RELEVANT,DENIED,ALLOWED,"[""network_access_allowed""]",SECURITY_RELEVANT,SECURITY_RELEVANT,SECURITY_RELEVANT
27,network_restriction_removal,network,SECURITY_RELEVANT,DENIED,ALLOWED,"[""network_access_allowed""]",SECURITY_RELEVANT,SECURITY_RELEVANT,SECURITY_RELEVANT
28,network_restriction_removal,network,SECURITY_RELEVANT,DENIED,ALLOWED,"[""network_access_allowed""]",SECURITY_RELEVANT,SECURITY_RELEVANT,SECURITY_RELEVANT
29,network_restriction_removal,network,SECURITY_RELEVANT,DENIED,ALLOWED,"[""network_access_allowed""]",SECURITY_RELEVANT,SECURITY_RELEVANT,SECURITY_RELEVANT
30,network_restriction_removal,network,SECURITY_RELEVANT,DENIED,ALLOWED,"[""network_access_allowed""]",SECURITY_RELEVANT,SECURITY_RELEVANT,SECURITY_RELEVANT
31,network_restriction_removal,network,SECURITY_RELEVANT,DENIED,ALLOWED,"[""network_access_allowed""]",SECURITY_RELEVANT,SECURITY_RELEVANT,SECURITY_RELEVANT
32,network_restriction_removal,network,SECURITY_RELEVANT,DENIED,ALLOWED,"[""network_access_allowed""]",SECURITY_RELEVANT,SECURITY_RELEVANT,SECURITY_RELEVANT
33,network_restriction_removal,network,SECURITY_RELEVANT,DENIED,ALLOWED,"[""network_access_allowed""]",SECURITY_RELEVANT,SECURITY_RELEVANT,SECURITY_RELEVANT
34,network_restriction_removal,network,SECURITY_RELEVANT,DENIED,ALLOWED,"[""network_access_allowed""]",SECURITY_RELEVANT,SECURITY_RELEVANT,SECURITY_RELEVANT
35,network_restriction_removal,network,SECURITY_RELEVANT,DENIED,ALLOWED,"[""network_access_allowed""]",SECURITY_RELEVANT,SECURITY_RELEVANT,SECURITY_RELEVANT
36,network_restriction_removal,network,SECURITY_RELEVANT,DENIED,ALLOWED,"[""network_access_allowed""]",SECURITY_RELEVANT,SECURITY_RELEVANT,SECURITY_RELEVANT
37,network_restriction_removal,network,SECURITY_RELEVANT,DENIED,ALLOWED,"[""network_access_allowed""]",SECURITY_RELEVANT,SECURITY_RELEVANT,SECURITY_RELEVANT
38,network_restriction_removal,network,SECURITY_RELEVANT,DENIED,ALLOWED,"[""network_access_allowed""]",SECURITY_RELEVANT,SECURITY_RELEVANT,SECURITY_RELEVANT
39,network_restriction_removal,network,SECURITY_RELEVANT,DENIED,ALLOWED,"[""network_access_allowed""]",SECURITY_RELEVANT,SECURITY_RELEVANT,SECURITY_RELEVANT
40,network_restriction_removal,network,SECURITY_RELEVANT,DENIED,ALLOWED,"[""network_access_allowed""]",SECURITY_RELEVANT,SECURITY_RELEVANT,SECURITY_RELEVANT
41,network_restriction_removal,network,SECURITY_RELEVANT,DENIED,ALLOWED,"[""network_access_allowed""]",SECURITY_RELEVANT,SECURITY_RELEVANT,SECURITY_RELEVANT
42,network_restriction_removal,network,SECURITY_RELEVANT,DENIED,ALLOWED,"[""network_access_allowed""]",SECURITY_RELEVANT,SECURITY_RELEVANT,SECURITY_RELEVANT
43,network_restriction_removal,network,SECURITY_RELEVANT,DENIED,ALLOWED,"[""network_access_allowed""]",SECURITY_RELEVANT,SECURITY_RELEVANT,SECURITY_RELEVANT
44,network_restriction_removal,network,SECURITY_RELEVANT,DENIED,ALLOWED,"[""network_access_allowed""]",SECURITY_RELEVANT,SECURITY_RELEVANT,SECURITY_RELEVANT
45,network_restriction_removal,network,SECURITY_RELEVANT,DENIED,ALLOWED,"[""network_access_allowed""]",SECURITY_RELEVANT,SECURITY_RELEVANT,SECURITY_RELEVANT
46,network_restriction_removal,network,SECURITY_RELEVANT,DENIED,ALLOWED,"[""network_access_allowed""]",SECURITY_RELEVANT,SECURITY_RELEVANT,SECURITY_RELEVANT
47,network_restriction_removal,network,SECURITY_RELEVANT,DENIED,ALLOWED,"[""network_access_allowed""]",SECURITY_RELEVANT,SECURITY_RELEVANT,SECURITY_RELEVANT
48,network_restriction_removal,network,SECURITY_RELEVANT,DENIED,ALLOWED,"[""network_access_allowed""]",SECURITY_RELEVANT,SECURITY_RELEVANT,SECURITY_RELEVANT
49,network_restriction_removal,network,SECURITY_RELEVANT,DENIED,ALLOWED,"[""network_access_allowed""]",SECURITY_RELEVANT,SECURITY_RELEVANT,SECURITY_RELEVANT
50,network_restriction_removal,network,SECURITY_RELEVANT,DENIED,ALLOWED,"[""network_access_allowed""]",SECURITY_RELEVANT,SECURITY_RELEVANT,SECURITY_RELEVANT
1,request_timeout_change,operational_configuration,BENIGN,ALLOWED,ALLOWED,"[""request_timeout""]",BENIGN,BENIGN,BENIGN
2,request_timeout_change,operational_configuration,BENIGN,ALLOWED,ALLOWED,"[""request_timeout""]",BENIGN,BENIGN,BENIGN
3,request_timeout_change,operational_configuration,BENIGN,ALLOWED,ALLOWED,"[""request_timeout""]",BENIGN,BENIGN,BENIGN
4,request_timeout_change,operational_configuration,BENIGN,ALLOWED,ALLOWED,"[""request_timeout""]",BENIGN,BENIGN,BENIGN
5,request_timeout_change,operational_configuration,BENIGN,ALLOWED,ALLOWED,"[""request_timeout""]",BENIGN,BENIGN,BENIGN
6,request_timeout_change,operational_configuration,BENIGN,ALLOWED,ALLOWED,"[""request_timeout""]",BENIGN,BENIGN,BENIGN
7,request_timeout_change,operational_configuration,BENIGN,ALLOWED,ALLOWED,"[""request_timeout""]",BENIGN,BENIGN,BENIGN
8,request_timeout_change,operational_configuration,BENIGN,ALLOWED,ALLOWED,"[""request_timeout""]",BENIGN,BENIGN,BENIGN
9,request_timeout_change,operational_configuration,BENIGN,ALLOWED,ALLOWED,"[""request_timeout""]",BENIGN,BENIGN,BENIGN
10,request_timeout_change,operational_configuration,BENIGN,ALLOWED,ALLOWED,"[""request_timeout""]",BENIGN,BENIGN,BENIGN
11,request_timeout_change,operational_configuration,BENIGN,ALLOWED,ALLOWED,"[""request_timeout""]",BENIGN,BENIGN,BENIGN
12,request_timeout_change,operational_configuration,BENIGN,ALLOWED,ALLOWED,"[""request_timeout""]",BENIGN,BENIGN,BENIGN
13,request_timeout_change,operational_configuration,BENIGN,ALLOWED,ALLOWED,"[""request_timeout""]",BENIGN,BENIGN,BENIGN
14,request_timeout_change,operational_configuration,BENIGN,ALLOWED,ALLOWED,"[""request_timeout""]",BENIGN,BENIGN,BENIGN
15,request_timeout_change,operational_configuration,BENIGN,ALLOWED,ALLOWED,"[""request_timeout""]",BENIGN,BENIGN,BENIGN
16,request_timeout_change,operational_configuration,BENIGN,ALLOWED,ALLOWED,"[""request_timeout""]",BENIGN,BENIGN,BENIGN
17,request_timeout_change,operational_configuration,BENIGN,ALLOWED,ALLOWED,"[""request_timeout""]",BENIGN,BENIGN,BENIGN
18,request_timeout_change,operational_configuration,BENIGN,ALLOWED,ALLOWED,"[""request_timeout""]",BENIGN,BENIGN,BENIGN
19,request_timeout_change,operational_configuration,BENIGN,ALLOWED,ALLOWED,"[""request_timeout""]",BENIGN,BENIGN,BENIGN
20,request_timeout_change,operational_configuration,BENIGN,ALLOWED,ALLOWED,"[""request_timeout""]",BENIGN,BENIGN,BENIGN
21,request_timeout_change,operational_configuration,BENIGN,ALLOWED,ALLOWED,"[""request_timeout""]",BENIGN,BENIGN,BENIGN
22,request_timeout_change,operational_configuration,BENIGN,ALLOWED,ALLOWED,"[""request_timeout""]",BENIGN,BENIGN,BENIGN
23,request_timeout_change,operational_configuration,BENIGN,ALLOWED,ALLOWED,"[""request_timeout""]",BENIGN,BENIGN,BENIGN
24,request_timeout_change,operational_configuration,BENIGN,ALLOWED,ALLOWED,"[""request_timeout""]",BENIGN,BENIGN,BENIGN
25,request_timeout_change,operational_configuration,BENIGN,ALLOWED,ALLOWED,"[""request_timeout""]",BENIGN,BENIGN,BENIGN
26,request_timeout_change,operational_configuration,BENIGN,ALLOWED,ALLOWED,"[""request_timeout""]",BENIGN,BENIGN,BENIGN
27,request_timeout_change,operational_configuration,BENIGN,ALLOWED,ALLOWED,"[""request_timeout""]",BENIGN,BENIGN,BENIGN
28,request_timeout_change,operational_configuration,BENIGN,ALLOWED,ALLOWED,"[""request_timeout""]",BENIGN,BENIGN,BENIGN
29,request_timeout_change,operational_configuration,BENIGN,ALLOWED,ALLOWED,"[""request_timeout""]",BENIGN,BENIGN,BENIGN
30,request_timeout_change,operational_configuration,BENIGN,ALLOWED,ALLOWED,"[""request_timeout""]",BENIGN,BENIGN,BENIGN
31,request_timeout_change,operational_configuration,BENIGN,ALLOWED,ALLOWED,"[""request_timeout""]",BENIGN,BENIGN,BENIGN
32,request_timeout_change,operational_configuration,BENIGN,ALLOWED,ALLOWED,"[""request_timeout""]",BENIGN,BENIGN,BENIGN
33,request_timeout_change,operational_configuration,BENIGN,ALLOWED,ALLOWED,"[""request_timeout""]",BENIGN,BENIGN,BENIGN
34,request_timeout_change,operational_configuration,BENIGN,ALLOWED,ALLOWED,"[""request_timeout""]",BENIGN,BENIGN,BENIGN
35,request_timeout_change,operational_configuration,BENIGN,ALLOWED,ALLOWED,"[""request_timeout""]",BENIGN,BENIGN,BENIGN
36,request_timeout_change,operational_configuration,BENIGN,ALLOWED,ALLOWED,"[""request_timeout""]",BENIGN,BENIGN,BENIGN
37,request_timeout_change,operational_configuration,BENIGN,ALLOWED,ALLOWED,"[""request_timeout""]",BENIGN,BENIGN,BENIGN
38,request_timeout_change,operational_configuration,BENIGN,ALLOWED,ALLOWED,"[""request_timeout""]",BENIGN,BENIGN,BENIGN
39,request_timeout_change,operational_configuration,BENIGN,ALLOWED,ALLOWED,"[""request_timeout""]",BENIGN,BENIGN,BENIGN
40,request_timeout_change,operational_configuration,BENIGN,ALLOWED,ALLOWED,"[""request_timeout""]",BENIGN,BENIGN,BENIGN
41,request_timeout_change,operational_configuration,BENIGN,ALLOWED,ALLOWED,"[""request_timeout""]",BENIGN,BENIGN,BENIGN
42,request_timeout_change,operational_configuration,BENIGN,ALLOWED,ALLOWED,"[""request_timeout""]",BENIGN,BENIGN,BENIGN
43,request_timeout_change,operational_configuration,BENIGN,ALLOWED,ALLOWED,"[""request_timeout""]",BENIGN,BENIGN,BENIGN
44,request_timeout_change,operational_configuration,BENIGN,ALLOWED,ALLOWED,"[""request_timeout""]",BENIGN,BENIGN,BENIGN
45,request_timeout_change,operational_configuration,BENIGN,ALLOWED,ALLOWED,"[""request_timeout""]",BENIGN,BENIGN,BENIGN
46,request_timeout_change,operational_configuration,BENIGN,ALLOWED,ALLOWED,"[""request_timeout""]",BENIGN,BENIGN,BENIGN
47,request_timeout_change,operational_configuration,BENIGN,ALLOWED,ALLOWED,"[""request_timeout""]",BENIGN,BENIGN,BENIGN
48,request_timeout_change,operational_configuration,BENIGN,ALLOWED,ALLOWED,"[""request_timeout""]",BENIGN,BENIGN,BENIGN
49,request_timeout_change,operational_configuration,BENIGN,ALLOWED,ALLOWED,"[""request_timeout""]",BENIGN,BENIGN,BENIGN
50,request_timeout_change,operational_configuration,BENIGN,ALLOWED,ALLOWED,"[""request_timeout""]",BENIGN,BENIGN,BENIGN
1,role_permission_expansion,authentication_access_control,SECURITY_RELEVANT,DENIED,ALLOWED,"[""role""]",SECURITY_RELEVANT,SECURITY_RELEVANT,SECURITY_RELEVANT
2,role_permission_expansion,authentication_access_control,SECURITY_RELEVANT,DENIED,ALLOWED,"[""role""]",SECURITY_RELEVANT,SECURITY_RELEVANT,SECURITY_RELEVANT
3,role_permission_expansion,authentication_access_control,SECURITY_RELEVANT,DENIED,ALLOWED,"[""role""]",SECURITY_RELEVANT,SECURITY_RELEVANT,SECURITY_RELEVANT
4,role_permission_expansion,authentication_access_control,SECURITY_RELEVANT,DENIED,ALLOWED,"[""role""]",SECURITY_RELEVANT,SECURITY_RELEVANT,SECURITY_RELEVANT
5,role_permission_expansion,authentication_access_control,SECURITY_RELEVANT,DENIED,ALLOWED,"[""role""]",SECURITY_RELEVANT,SECURITY_RELEVANT,SECURITY_RELEVANT
6,role_permission_expansion,authentication_access_control,SECURITY_RELEVANT,DENIED,ALLOWED,"[""role""]",SECURITY_RELEVANT,SECURITY_RELEVANT,SECURITY_RELEVANT
7,role_permission_expansion,authentication_access_control,SECURITY_RELEVANT,DENIED,ALLOWED,"[""role""]",SECURITY_RELEVANT,SECURITY_RELEVANT,SECURITY_RELEVANT
8,role_permission_expansion,authentication_access_control,SECURITY_RELEVANT,DENIED,ALLOWED,"[""role""]",SECURITY_RELEVANT,SECURITY_RELEVANT,SECURITY_RELEVANT
9,role_permission_expansion,authentication_access_control,SECURITY_RELEVANT,DENIED,ALLOWED,"[""role""]",SECURITY_RELEVANT,SECURITY_RELEVANT,SECURITY_RELEVANT
10,role_permission_expansion,authentication_access_control,SECURITY_RELEVANT,DENIED,ALLOWED,"[""role""]",SECURITY_RELEVANT,SECURITY_RELEVANT,SECURITY_RELEVANT
11,role_permission_expansion,authentication_access_control,SECURITY_RELEVANT,DENIED,ALLOWED,"[""role""]",SECURITY_RELEVANT,SECURITY_RELEVANT,SECURITY_RELEVANT
12,role_permission_expansion,authentication_access_control,SECURITY_RELEVANT,DENIED,ALLOWED,"[""role""]",SECURITY_RELEVANT,SECURITY_RELEVANT,SECURITY_RELEVANT
13,role_permission_expansion,authentication_access_control,SECURITY_RELEVANT,DENIED,ALLOWED,"[""role""]",SECURITY_RELEVANT,SECURITY_RELEVANT,SECURITY_RELEVANT
14,role_permission_expansion,authentication_access_control,SECURITY_RELEVANT,DENIED,ALLOWED,"[""role""]",SECURITY_RELEVANT,SECURITY_RELEVANT,SECURITY_RELEVANT
15,role_permission_expansion,authentication_access_control,SECURITY_RELEVANT,DENIED,ALLOWED,"[""role""]",SECURITY_RELEVANT,SECURITY_RELEVANT,SECURITY_RELEVANT
16,role_permission_expansion,authentication_access_control,SECURITY_RELEVANT,DENIED,ALLOWED,"[""role""]",SECURITY_RELEVANT,SECURITY_RELEVANT,SECURITY_RELEVANT
17,role_permission_expansion,authentication_access_control,SECURITY_RELEVANT,DENIED,ALLOWED,"[""role""]",SECURITY_RELEVANT,SECURITY_RELEVANT,SECURITY_RELEVANT
18,role_permission_expansion,authentication_access_control,SECURITY_RELEVANT,DENIED,ALLOWED,"[""role""]",SECURITY_RELEVANT,SECURITY_RELEVANT,SECURITY_RELEVANT
19,role_permission_expansion,authentication_access_control,SECURITY_RELEVANT,DENIED,ALLOWED,"[""role""]",SECURITY_RELEVANT,SECURITY_RELEVANT,SECURITY_RELEVANT
20,role_permission_expansion,authentication_access_control,SECURITY_RELEVANT,DENIED,ALLOWED,"[""role""]",SECURITY_RELEVANT,SECURITY_RELEVANT,SECURITY_RELEVANT
21,role_permission_expansion,authentication_access_control,SECURITY_RELEVANT,DENIED,ALLOWED,"[""role""]",SECURITY_RELEVANT,SECURITY_RELEVANT,SECURITY_RELEVANT
22,role_permission_expansion,authentication_access_control,SECURITY_RELEVANT,DENIED,ALLOWED,"[""role""]",SECURITY_RELEVANT,SECURITY_RELEVANT,SECURITY_RELEVANT
23,role_permission_expansion,authentication_access_control,SECURITY_RELEVANT,DENIED,ALLOWED,"[""role""]",SECURITY_RELEVANT,SECURITY_RELEVANT,SECURITY_RELEVANT
24,role_permission_expansion,authentication_access_control,SECURITY_RELEVANT,DENIED,ALLOWED,"[""role""]",SECURITY_RELEVANT,SECURITY_RELEVANT,SECURITY_RELEVANT
25,role_permission_expansion,authentication_access_control,SECURITY_RELEVANT,DENIED,ALLOWED,"[""role""]",SECURITY_RELEVANT,SECURITY_RELEVANT,SECURITY_RELEVANT
26,role_permission_expansion,authentication_access_control,SECURITY_RELEVANT,DENIED,ALLOWED,"[""role""]",SECURITY_RELEVANT,SECURITY_RELEVANT,SECURITY_RELEVANT
27,role_permission_expansion,authentication_access_control,SECURITY_RELEVANT,DENIED,ALLOWED,"[""role""]",SECURITY_RELEVANT,SECURITY_RELEVANT,SECURITY_RELEVANT
28,role_permission_expansion,authentication_access_control,SECURITY_RELEVANT,DENIED,ALLOWED,"[""role""]",SECURITY_RELEVANT,SECURITY_RELEVANT,SECURITY_RELEVANT
29,role_permission_expansion,authentication_access_control,SECURITY_RELEVANT,DENIED,ALLOWED,"[""role""]",SECURITY_RELEVANT,SECURITY_RELEVANT,SECURITY_RELEVANT
30,role_permission_expansion,authentication_access_control,SECURITY_RELEVANT,DENIED,ALLOWED,"[""role""]",SECURITY_RELEVANT,SECURITY_RELEVANT,SECURITY_RELEVANT
31,role_permission_expansion,authentication_access_control,SECURITY_RELEVANT,DENIED,ALLOWED,"[""role""]",SECURITY_RELEVANT,SECURITY_RELEVANT,SECURITY_RELEVANT
32,role_permission_expansion,authentication_access_control,SECURITY_RELEVANT,DENIED,ALLOWED,"[""role""]",SECURITY_RELEVANT,SECURITY_RELEVANT,SECURITY_RELEVANT
33,role_permission_expansion,authentication_access_control,SECURITY_RELEVANT,DENIED,ALLOWED,"[""role""]",SECURITY_RELEVANT,SECURITY_RELEVANT,SECURITY_RELEVANT
34,role_permission_expansion,authentication_access_control,SECURITY_RELEVANT,DENIED,ALLOWED,"[""role""]",SECURITY_RELEVANT,SECURITY_RELEVANT,SECURITY_RELEVANT
35,role_permission_expansion,authentication_access_control,SECURITY_RELEVANT,DENIED,ALLOWED,"[""role""]",SECURITY_RELEVANT,SECURITY_RELEVANT,SECURITY_RELEVANT
36,role_permission_expansion,authentication_access_control,SECURITY_RELEVANT,DENIED,ALLOWED,"[""role""]",SECURITY_RELEVANT,SECURITY_RELEVANT,SECURITY_RELEVANT
37,role_permission_expansion,authentication_access_control,SECURITY_RELEVANT,DENIED,ALLOWED,"[""role""]",SECURITY_RELEVANT,SECURITY_RELEVANT,SECURITY_RELEVANT
38,role_permission_expansion,authentication_access_control,SECURITY_RELEVANT,DENIED,ALLOWED,"[""role""]",SECURITY_RELEVANT,SECURITY_RELEVANT,SECURITY_RELEVANT
39,role_permission_expansion,authentication_access_control,SECURITY_RELEVANT,DENIED,ALLOWED,"[""role""]",SECURITY_RELEVANT,SECURITY_RELEVANT,SECURITY_RELEVANT
40,role_permission_expansion,authentication_access_control,SECURITY_RELEVANT,DENIED,ALLOWED,"[""role""]",SECURITY_RELEVANT,SECURITY_RELEVANT,SECURITY_RELEVANT
41,role_permission_expansion,authentication_access_control,SECURITY_RELEVANT,DENIED,ALLOWED,"[""role""]",SECURITY_RELEVANT,SECURITY_RELEVANT,SECURITY_RELEVANT
42,role_permission_expansion,authentication_access_control,SECURITY_RELEVANT,DENIED,ALLOWED,"[""role""]",SECURITY_RELEVANT,SECURITY_RELEVANT,SECURITY_RELEVANT
43,role_permission_expansion,authentication_access_control,SECURITY_RELEVANT,DENIED,ALLOWED,"[""role""]",SECURITY_RELEVANT,SECURITY_RELEVANT,SECURITY_RELEVANT
44,role_permission_expansion,authentication_access_control,SECURITY_RELEVANT,DENIED,ALLOWED,"[""role""]",SECURITY_RELEVANT,SECURITY_RELEVANT,SECURITY_RELEVANT
45,role_permission_expansion,authentication_access_control,SECURITY_RELEVANT,DENIED,ALLOWED,"[""role""]",SECURITY_RELEVANT,SECURITY_RELEVANT,SECURITY_RELEVANT
46,role_permission_expansion,authentication_access_control,SECURITY_RELEVANT,DENIED,ALLOWED,"[""role""]",SECURITY_RELEVANT,SECURITY_RELEVANT,SECURITY_RELEVANT
47,role_permission_expansion,authentication_access_control,SECURITY_RELEVANT,DENIED,ALLOWED,"[""role""]",SECURITY_RELEVANT,SECURITY_RELEVANT,SECURITY_RELEVANT
48,role_permission_expansion,authentication_access_control,SECURITY_RELEVANT,DENIED,ALLOWED,"[""role""]",SECURITY_RELEVANT,SECURITY_RELEVANT,SECURITY_RELEVANT
49,role_permission_expansion,authentication_access_control,SECURITY_RELEVANT,DENIED,ALLOWED,"[""role""]",SECURITY_RELEVANT,SECURITY_RELEVANT,SECURITY_RELEVANT
50,role_permission_expansion,authentication_access_control,SECURITY_RELEVANT,DENIED,ALLOWED,"[""role""]",SECURITY_RELEVANT,SECURITY_RELEVANT,SECURITY_RELEVANT
