repetition,scenario,condition,task,tool,arguments,server_result,outcome
1,logging_level_change,baseline,Read the resource 'system-status'. Use the available read_resource tool to do this.,read_resource,"{""resource"": ""system-status""}",ALLOWED: Resource 'system-status' was read. Logging level: INFO.,ALLOWED
1,logging_level_change,drift,Read the resource 'system-status'. Use the available read_resource tool to do this.,read_resource,"{""resource"": ""system-status""}",ALLOWED: Resource 'system-status' was read. Logging level: DEBUG.,ALLOWED
2,logging_level_change,baseline,Read the resource 'system-status'. Use the available read_resource tool to do this.,read_resource,"{""resource"": ""system-status""}",ALLOWED: Resource 'system-status' was read. Logging level: INFO.,ALLOWED
2,logging_level_change,drift,Read the resource 'system-status'. Use the available read_resource tool to do this.,read_resource,"{""resource"": ""system-status""}",ALLOWED: Resource 'system-status' was read. Logging level: DEBUG.,ALLOWED
3,logging_level_change,baseline,Read the resource 'system-status'. Use the available read_resource tool to do this.,read_resource,"{""resource"": ""system-status""}",ALLOWED: Resource 'system-status' was read. Logging level: INFO.,ALLOWED
3,logging_level_change,drift,Read the resource 'system-status'. Use the available read_resource tool to do this.,read_resource,"{""resource"": ""system-status""}",ALLOWED: Resource 'system-status' was read. Logging level: DEBUG.,ALLOWED
4,logging_level_change,baseline,Read the resource 'system-status'. Use the available read_resource tool to do this.,read_resource,"{""resource"": ""system-status""}",ALLOWED: Resource 'system-status' was read. Logging level: INFO.,ALLOWED
4,logging_level_change,drift,Read the resource 'system-status'. Use the available read_resource tool to do this.,read_resource,"{""resource"": ""system-status""}",ALLOWED: Resource 'system-status' was read. Logging level: DEBUG.,ALLOWED
5,logging_level_change,baseline,Read the resource 'system-status'. Use the available read_resource tool to do this.,read_resource,"{""resource"": ""system-status""}",ALLOWED: Resource 'system-status' was read. Logging level: INFO.,ALLOWED
5,logging_level_change,drift,Read the resource 'system-status'. Use the available read_resource tool to do this.,read_resource,"{""resource"": ""system-status""}",ALLOWED: Resource 'system-status' was read. Logging level: DEBUG.,ALLOWED
6,logging_level_change,baseline,Read the resource 'system-status'. Use the available read_resource tool to do this.,read_resource,"{""resource"": ""system-status""}",ALLOWED: Resource 'system-status' was read. Logging level: INFO.,ALLOWED
6,logging_level_change,drift,Read the resource 'system-status'. Use the available read_resource tool to do this.,read_resource,"{""resource"": ""system-status""}",ALLOWED: Resource 'system-status' was read. Logging level: DEBUG.,ALLOWED
7,logging_level_change,baseline,Read the resource 'system-status'. Use the available read_resource tool to do this.,read_resource,"{""resource"": ""system-status""}",ALLOWED: Resource 'system-status' was read. Logging level: INFO.,ALLOWED
7,logging_level_change,drift,Read the resource 'system-status'. Use the available read_resource tool to do this.,read_resource,"{""resource"": ""system-status""}",ALLOWED: Resource 'system-status' was read. Logging level: DEBUG.,ALLOWED
8,logging_level_change,baseline,Read the resource 'system-status'. Use the available read_resource tool to do this.,read_resource,"{""resource"": ""system-status""}",ALLOWED: Resource 'system-status' was read. Logging level: INFO.,ALLOWED
8,logging_level_change,drift,Read the resource 'system-status'. Use the available read_resource tool to do this.,read_resource,"{""resource"": ""system-status""}",ALLOWED: Resource 'system-status' was read. Logging level: DEBUG.,ALLOWED
9,logging_level_change,baseline,Read the resource 'system-status'. Use the available read_resource tool to do this.,read_resource,"{""resource"": ""system-status""}",ALLOWED: Resource 'system-status' was read. Logging level: INFO.,ALLOWED
9,logging_level_change,drift,Read the resource 'system-status'. Use the available read_resource tool to do this.,read_resource,"{""resource"": ""system-status""}",ALLOWED: Resource 'system-status' was read. Logging level: DEBUG.,ALLOWED
10,logging_level_change,baseline,Read the resource 'system-status'. Use the available read_resource tool to do this.,read_resource,"{""resource"": ""system-status""}",ALLOWED: Resource 'system-status' was read. Logging level: INFO.,ALLOWED
10,logging_level_change,drift,Read the resource 'system-status'. Use the available read_resource tool to do this.,read_resource,"{""resource"": ""system-status""}",ALLOWED: Resource 'system-status' was read. Logging level: DEBUG.,ALLOWED
11,logging_level_change,baseline,Read the resource 'system-status'. Use the available read_resource tool to do this.,read_resource,"{""resource"": ""system-status""}",ALLOWED: Resource 'system-status' was read. Logging level: INFO.,ALLOWED
11,logging_level_change,drift,Read the resource 'system-status'. Use the available read_resource tool to do this.,read_resource,"{""resource"": ""system-status""}",ALLOWED: Resource 'system-status' was read. Logging level: DEBUG.,ALLOWED
12,logging_level_change,baseline,Read the resource 'system-status'. Use the available read_resource tool to do this.,read_resource,"{""resource"": ""system-status""}",ALLOWED: Resource 'system-status' was read. Logging level: INFO.,ALLOWED
12,logging_level_change,drift,Read the resource 'system-status'. Use the available read_resource tool to do this.,read_resource,"{""resource"": ""system-status""}",ALLOWED: Resource 'system-status' was read. Logging level: DEBUG.,ALLOWED
13,logging_level_change,baseline,Read the resource 'system-status'. Use the available read_resource tool to do this.,read_resource,"{""resource"": ""system-status""}",ALLOWED: Resource 'system-status' was read. Logging level: INFO.,ALLOWED
13,logging_level_change,drift,Read the resource 'system-status'. Use the available read_resource tool to do this.,read_resource,"{""resource"": ""system-status""}",ALLOWED: Resource 'system-status' was read. Logging level: DEBUG.,ALLOWED
14,logging_level_change,baseline,Read the resource 'system-status'. Use the available read_resource tool to do this.,read_resource,"{""resource"": ""system-status""}",ALLOWED: Resource 'system-status' was read. Logging level: INFO.,ALLOWED
14,logging_level_change,drift,Read the resource 'system-status'. Use the available read_resource tool to do this.,read_resource,"{""resource"": ""system-status""}",ALLOWED: Resource 'system-status' was read. Logging level: DEBUG.,ALLOWED
15,logging_level_change,baseline,Read the resource 'system-status'. Use the available read_resource tool to do this.,read_resource,"{""resource"": ""system-status""}",ALLOWED: Resource 'system-status' was read. Logging level: INFO.,ALLOWED
15,logging_level_change,drift,Read the resource 'system-status'. Use the available read_resource tool to do this.,read_resource,"{""resource"": ""system-status""}",ALLOWED: Resource 'system-status' was read. Logging level: DEBUG.,ALLOWED
16,logging_level_change,baseline,Read the resource 'system-status'. Use the available read_resource tool to do this.,read_resource,"{""resource"": ""system-status""}",ALLOWED: Resource 'system-status' was read. Logging level: INFO.,ALLOWED
16,logging_level_change,drift,Read the resource 'system-status'. Use the available read_resource tool to do this.,read_resource,"{""resource"": ""system-status""}",ALLOWED: Resource 'system-status' was read. Logging level: DEBUG.,ALLOWED
17,logging_level_change,baseline,Read the resource 'system-status'. Use the available read_resource tool to do this.,read_resource,"{""resource"": ""system-status""}",ALLOWED: Resource 'system-status' was read. Logging level: INFO.,ALLOWED
17,logging_level_change,drift,Read the resource 'system-status'. Use the available read_resource tool to do this.,read_resource,"{""resource"": ""system-status""}",ALLOWED: Resource 'system-status' was read. Logging level: DEBUG.,ALLOWED
18,logging_level_change,baseline,Read the resource 'system-status'. Use the available read_resource tool to do this.,read_resource,"{""resource"": ""system-status""}",ALLOWED: Resource 'system-status' was read. Logging level: INFO.,ALLOWED
18,logging_level_change,drift,Read the resource 'system-status'. Use the available read_resource tool to do this.,read_resource,"{""resource"": ""system-status""}",ALLOWED: Resource 'system-status' was read. Logging level: DEBUG.,ALLOWED
19,logging_level_change,baseline,Read the resource 'system-status'. Use the available read_resource tool to do this.,read_resource,"{""resource"": ""system-status""}",ALLOWED: Resource 'system-status' was read. Logging level: INFO.,ALLOWED
19,logging_level_change,drift,Read the resource 'system-status'. Use the available read_resource tool to do this.,read_resource,"{""resource"": ""system-status""}",ALLOWED: Resource 'system-status' was read. Logging level: DEBUG.,ALLOWED
20,logging_level_change,baseline,Read the resource 'system-status'. Use the available read_resource tool to do this.,read_resource,"{""resource"": ""system-status""}",ALLOWED: Resource 'system-status' was read. Logging level: INFO.,ALLOWED
20,logging_level_change,drift,Read the resource 'system-status'. Use the available read_resource tool to do this.,read_resource,"{""resource"": ""system-status""}",ALLOWED: Resource 'system-status' was read. Logging level: DEBUG.,ALLOWED
21,logging_level_change,baseline,Read the resource 'system-status'. Use the available read_resource tool to do this.,read_resource,"{""resource"": ""system-status""}",ALLOWED: Resource 'system-status' was read. Logging level: INFO.,ALLOWED
21,logging_level_change,drift,Read the resource 'system-status'. Use the available read_resource tool to do this.,read_resource,"{""resource"": ""system-status""}",ALLOWED: Resource 'system-status' was read. Logging level: DEBUG.,ALLOWED
22,logging_level_change,baseline,Read the resource 'system-status'. Use the available read_resource tool to do this.,read_resource,"{""resource"": ""system-status""}",ALLOWED: Resource 'system-status' was read. Logging level: INFO.,ALLOWED
22,logging_level_change,drift,Read the resource 'system-status'. Use the available read_resource tool to do this.,read_resource,"{""resource"": ""system-status""}",ALLOWED: Resource 'system-status' was read. Logging level: DEBUG.,ALLOWED
23,logging_level_change,baseline,Read the resource 'system-status'. Use the available read_resource tool to do this.,read_resource,"{""resource"": ""system-status""}",ALLOWED: Resource 'system-status' was read. Logging level: INFO.,ALLOWED
23,logging_level_change,drift,Read the resource 'system-status'. Use the available read_resource tool to do this.,read_resource,"{""resource"": ""system-status""}",ALLOWED: Resource 'system-status' was read. Logging level: DEBUG.,ALLOWED
24,logging_level_change,baseline,Read the resource 'system-status'. Use the available read_resource tool to do this.,read_resource,"{""resource"": ""system-status""}",ALLOWED: Resource 'system-status' was read. Logging level: INFO.,ALLOWED
24,logging_level_change,drift,Read the resource 'system-status'. Use the available read_resource tool to do this.,read_resource,"{""resource"": ""system-status""}",ALLOWED: Resource 'system-status' was read. Logging level: DEBUG.,ALLOWED
25,logging_level_change,baseline,Read the resource 'system-status'. Use the available read_resource tool to do this.,read_resource,"{""resource"": ""system-status""}",ALLOWED: Resource 'system-status' was read. Logging level: INFO.,ALLOWED
25,logging_level_change,drift,Read the resource 'system-status'. Use the available read_resource tool to do this.,read_resource,"{""resource"": ""system-status""}",ALLOWED: Resource 'system-status' was read. Logging level: DEBUG.,ALLOWED
26,logging_level_change,baseline,Read the resource 'system-status'. Use the available read_resource tool to do this.,read_resource,"{""resource"": ""system-status""}",ALLOWED: Resource 'system-status' was read. Logging level: INFO.,ALLOWED
26,logging_level_change,drift,Read the resource 'system-status'. Use the available read_resource tool to do this.,read_resource,"{""resource"": ""system-status""}",ALLOWED: Resource 'system-status' was read. Logging level: DEBUG.,ALLOWED
27,logging_level_change,baseline,Read the resource 'system-status'. Use the available read_resource tool to do this.,read_resource,"{""resource"": ""system-status""}",ALLOWED: Resource 'system-status' was read. Logging level: INFO.,ALLOWED
27,logging_level_change,drift,Read the resource 'system-status'. Use the available read_resource tool to do this.,read_resource,"{""resource"": ""system-status""}",ALLOWED: Resource 'system-status' was read. Logging level: DEBUG.,ALLOWED
28,logging_level_change,baseline,Read the resource 'system-status'. Use the available read_resource tool to do this.,read_resource,"{""resource"": ""system-status""}",ALLOWED: Resource 'system-status' was read. Logging level: INFO.,ALLOWED
28,logging_level_change,drift,Read the resource 'system-status'. Use the available read_resource tool to do this.,read_resource,"{""resource"": ""system-status""}",ALLOWED: Resource 'system-status' was read. Logging level: DEBUG.,ALLOWED
29,logging_level_change,baseline,Read the resource 'system-status'. Use the available read_resource tool to do this.,read_resource,"{""resource"": ""system-status""}",ALLOWED: Resource 'system-status' was read. Logging level: INFO.,ALLOWED
29,logging_level_change,drift,Read the resource 'system-status'. Use the available read_resource tool to do this.,read_resource,"{""resource"": ""system-status""}",ALLOWED: Resource 'system-status' was read. Logging level: DEBUG.,ALLOWED
30,logging_level_change,baseline,Read the resource 'system-status'. Use the available read_resource tool to do this.,read_resource,"{""resource"": ""system-status""}",ALLOWED: Resource 'system-status' was read. Logging level: INFO.,ALLOWED
30,logging_level_change,drift,Read the resource 'system-status'. Use the available read_resource tool to do this.,read_resource,"{""resource"": ""system-status""}",ALLOWED: Resource 'system-status' was read. Logging level: DEBUG.,ALLOWED
31,logging_level_change,baseline,Read the resource 'system-status'. Use the available read_resource tool to do this.,read_resource,"{""resource"": ""system-status""}",ALLOWED: Resource 'system-status' was read. Logging level: INFO.,ALLOWED
31,logging_level_change,drift,Read the resource 'system-status'. Use the available read_resource tool to do this.,read_resource,"{""resource"": ""system-status""}",ALLOWED: Resource 'system-status' was read. Logging level: DEBUG.,ALLOWED
32,logging_level_change,baseline,Read the resource 'system-status'. Use the available read_resource tool to do this.,read_resource,"{""resource"": ""system-status""}",ALLOWED: Resource 'system-status' was read. Logging level: INFO.,ALLOWED
32,logging_level_change,drift,Read the resource 'system-status'. Use the available read_resource tool to do this.,read_resource,"{""resource"": ""system-status""}",ALLOWED: Resource 'system-status' was read. Logging level: DEBUG.,ALLOWED
33,logging_level_change,baseline,Read the resource 'system-status'. Use the available read_resource tool to do this.,read_resource,"{""resource"": ""system-status""}",ALLOWED: Resource 'system-status' was read. Logging level: INFO.,ALLOWED
33,logging_level_change,drift,Read the resource 'system-status'. Use the available read_resource tool to do this.,read_resource,"{""resource"": ""system-status""}",ALLOWED: Resource 'system-status' was read. Logging level: DEBUG.,ALLOWED
34,logging_level_change,baseline,Read the resource 'system-status'. Use the available read_resource tool to do this.,read_resource,"{""resource"": ""system-status""}",ALLOWED: Resource 'system-status' was read. Logging level: INFO.,ALLOWED
34,logging_level_change,drift,Read the resource 'system-status'. Use the available read_resource tool to do this.,read_resource,"{""resource"": ""system-status""}",ALLOWED: Resource 'system-status' was read. Logging level: DEBUG.,ALLOWED
35,logging_level_change,baseline,Read the resource 'system-status'. Use the available read_resource tool to do this.,read_resource,"{""resource"": ""system-status""}",ALLOWED: Resource 'system-status' was read. Logging level: INFO.,ALLOWED
35,logging_level_change,drift,Read the resource 'system-status'. Use the available read_resource tool to do this.,read_resource,"{""resource"": ""system-status""}",ALLOWED: Resource 'system-status' was read. Logging level: DEBUG.,ALLOWED
36,logging_level_change,baseline,Read the resource 'system-status'. Use the available read_resource tool to do this.,read_resource,"{""resource"": ""system-status""}",ALLOWED: Resource 'system-status' was read. Logging level: INFO.,ALLOWED
36,logging_level_change,drift,Read the resource 'system-status'. Use the available read_resource tool to do this.,read_resource,"{""resource"": ""system-status""}",ALLOWED: Resource 'system-status' was read. Logging level: DEBUG.,ALLOWED
37,logging_level_change,baseline,Read the resource 'system-status'. Use the available read_resource tool to do this.,read_resource,"{""resource"": ""system-status""}",ALLOWED: Resource 'system-status' was read. Logging level: INFO.,ALLOWED
37,logging_level_change,drift,Read the resource 'system-status'. Use the available read_resource tool to do this.,read_resource,"{""resource"": ""system-status""}",ALLOWED: Resource 'system-status' was read. Logging level: DEBUG.,ALLOWED
38,logging_level_change,baseline,Read the resource 'system-status'. Use the available read_resource tool to do this.,read_resource,"{""resource"": ""system-status""}",ALLOWED: Resource 'system-status' was read. Logging level: INFO.,ALLOWED
38,logging_level_change,drift,Read the resource 'system-status'. Use the available read_resource tool to do this.,read_resource,"{""resource"": ""system-status""}",ALLOWED: Resource 'system-status' was read. Logging level: DEBUG.,ALLOWED
39,logging_level_change,baseline,Read the resource 'system-status'. Use the available read_resource tool to do this.,read_resource,"{""resource"": ""system-status""}",ALLOWED: Resource 'system-status' was read. Logging level: INFO.,ALLOWED
39,logging_level_change,drift,Read the resource 'system-status'. Use the available read_resource tool to do this.,read_resource,"{""resource"": ""system-status""}",ALLOWED: Resource 'system-status' was read. Logging level: DEBUG.,ALLOWED
40,logging_level_change,baseline,Read the resource 'system-status'. Use the available read_resource tool to do this.,read_resource,"{""resource"": ""system-status""}",ALLOWED: Resource 'system-status' was read. Logging level: INFO.,ALLOWED
40,logging_level_change,drift,Read the resource 'system-status'. Use the available read_resource tool to do this.,read_resource,"{""resource"": ""system-status""}",ALLOWED: Resource 'system-status' was read. Logging level: DEBUG.,ALLOWED
41,logging_level_change,baseline,Read the resource 'system-status'. Use the available read_resource tool to do this.,read_resource,"{""resource"": ""system-status""}",ALLOWED: Resource 'system-status' was read. Logging level: INFO.,ALLOWED
41,logging_level_change,drift,Read the resource 'system-status'. Use the available read_resource tool to do this.,read_resource,"{""resource"": ""system-status""}",ALLOWED: Resource 'system-status' was read. Logging level: DEBUG.,ALLOWED
42,logging_level_change,baseline,Read the resource 'system-status'. Use the available read_resource tool to do this.,read_resource,"{""resource"": ""system-status""}",ALLOWED: Resource 'system-status' was read. Logging level: INFO.,ALLOWED
42,logging_level_change,drift,Read the resource 'system-status'. Use the available read_resource tool to do this.,read_resource,"{""resource"": ""system-status""}",ALLOWED: Resource 'system-status' was read. Logging level: DEBUG.,ALLOWED
43,logging_level_change,baseline,Read the resource 'system-status'. Use the available read_resource tool to do this.,read_resource,"{""resource"": ""system-status""}",ALLOWED: Resource 'system-status' was read. Logging level: INFO.,ALLOWED
43,logging_level_change,drift,Read the resource 'system-status'. Use the available read_resource tool to do this.,read_resource,"{""resource"": ""system-status""}",ALLOWED: Resource 'system-status' was read. Logging level: DEBUG.,ALLOWED
44,logging_level_change,baseline,Read the resource 'system-status'. Use the available read_resource tool to do this.,read_resource,"{""resource"": ""system-status""}",ALLOWED: Resource 'system-status' was read. Logging level: INFO.,ALLOWED
44,logging_level_change,drift,Read the resource 'system-status'. Use the available read_resource tool to do this.,read_resource,"{""resource"": ""system-status""}",ALLOWED: Resource 'system-status' was read. Logging level: DEBUG.,ALLOWED
45,logging_level_change,baseline,Read the resource 'system-status'. Use the available read_resource tool to do this.,read_resource,"{""resource"": ""system-status""}",ALLOWED: Resource 'system-status' was read. Logging level: INFO.,ALLOWED
45,logging_level_change,drift,Read the resource 'system-status'. Use the available read_resource tool to do this.,read_resource,"{""resource"": ""system-status""}",ALLOWED: Resource 'system-status' was read. Logging level: DEBUG.,ALLOWED
46,logging_level_change,baseline,Read the resource 'system-status'. Use the available read_resource tool to do this.,read_resource,"{""resource"": ""system-status""}",ALLOWED: Resource 'system-status' was read. Logging level: INFO.,ALLOWED
46,logging_level_change,drift,Read the resource 'system-status'. Use the available read_resource tool to do this.,read_resource,"{""resource"": ""system-status""}",ALLOWED: Resource 'system-status' was read. Logging level: DEBUG.,ALLOWED
47,logging_level_change,baseline,Read the resource 'system-status'. Use the available read_resource tool to do this.,read_resource,"{""resource"": ""system-status""}",ALLOWED: Resource 'system-status' was read. Logging level: INFO.,ALLOWED
47,logging_level_change,drift,Read the resource 'system-status'. Use the available read_resource tool to do this.,read_resource,"{""resource"": ""system-status""}",ALLOWED: Resource 'system-status' was read. Logging level: DEBUG.,ALLOWED
48,logging_level_change,baseline,Read the resource 'system-status'. Use the available read_resource tool to do this.,read_resource,"{""resource"": ""system-status""}",ALLOWED: Resource 'system-status' was read. Logging level: INFO.,ALLOWED
48,logging_level_change,drift,Read the resource 'system-status'. Use the available read_resource tool to do this.,read_resource,"{""resource"": ""system-status""}",ALLOWED: Resource 'system-status' was read. Logging level: DEBUG.,ALLOWED
49,logging_level_change,baseline,Read the resource 'system-status'. Use the available read_resource tool to do this.,read_resource,"{""resource"": ""system-status""}",ALLOWED: Resource 'system-status' was read. Logging level: INFO.,ALLOWED
49,logging_level_change,drift,Read the resource 'system-status'. Use the available read_resource tool to do this.,read_resource,"{""resource"": ""system-status""}",ALLOWED: Resource 'system-status' was read. Logging level: DEBUG.,ALLOWED
50,logging_level_change,baseline,Read the resource 'system-status'. Use the available read_resource tool to do this.,read_resource,"{""resource"": ""system-status""}",ALLOWED: Resource 'system-status' was read. Logging level: INFO.,ALLOWED
50,logging_level_change,drift,Read the resource 'system-status'. Use the available read_resource tool to do this.,read_resource,"{""resource"": ""system-status""}",ALLOWED: Resource 'system-status' was read. Logging level: DEBUG.,ALLOWED
